precursor,n_mofs_sharing_precursor,co2_uptake_range,ch4_uptake_range
Br[Zn]Br.n1ccc(cc1)C1=NC(=[N]=C([N]1)c1ccncc1)c1ccncc1,3,0.41624565599999996,2.1151405201000006
C(=CCn1cnnc1)Cn1cnnc1.[Cu],2,3.1827637639999997,4.4217853227
C(CCN1[CH]N=C[N]1)CCCn1cncn1.C(CCN1[N]C=N[CH]1)CCCN1[N]C=N[CH]1.[Cu],4,1.460163302,2.6699244236000004
C(CCN1[CH]N=C[N]1)CCCn1cncn1.C(CCn1ncnc1)CCCn1ncnc1.[Cu],2,1.923272602,1.4966254927999998
C(CN1[N]C=N[CH]1)CCN1[N]C=N[CH]1.C(CN1[N]C=N[CH]1)CCn1ncnc1.[Cu],3,0.7581732,6.9225498213
C(Cc1ccncc1)Cc1ccncc1.N#N.[C]#[C].[Cu]1[S]2[Cu]3[Mo]4562[S]1[Cu]4[S]6[Cu][S]35,3,0.043437236000000046,0.1775517658000001
C(Cc1ccncc1)Cc1ccncc1.[Cd].[O-]C(=O)c1ccc(s1)C(=O)[O-],2,0.040011585000000016,0.0009115250999998104
C(Cc1ccncc1)Cc1ccncc1.[Cu].[O-]C(=O)C1=NN=N[N]1,2,0.00322038899999999,0.0008392223999997839
C(Cc1ccncc1)Cc1ccncc1.[Cu].[O-]C(=O)C1=NN=N[N]1.[O-]C(=O)C1=N[N]N=N1,3,0.048370303,0.007293272599999678
C(Cc1ccncc1)Cc1ccncc1.[O]P(=O)[O].[Zn],5,0.863727655,6.533687892500001
C(Cn1cncc1)CCn1cncc1.[Cd],2,4.852875813,6.243796524299999
C(Cn1cncc1)CCn1cncc1.[Cd].[O-]C(=O)c1ncccc1C(=O)[O-],3,0.0877627270000001,0.1098159606000002
C(Cn1cncc1)CCn1cncc1.[O-]C(=O)c1cc(c(cc1c1ccc(cc1C(=O)[O-])C(=O)[O-])C(=O)[O-])c1ccc(cc1C(=O)[O-])C(=O)[O-].[Zn],2,0.46271663100000016,3.7678120727
C(Cn1ncnc1)CCn1ncnc1.[Cu],3,0.531713173,1.2236912227000003
C1=C[N]C=N1.C1=N[CH]C=N1.O=N(=O)C1=NC=C[N]1.[Zn],2,0.0056763670000000155,0.020146409699998813
C1=C[N]C=N1.C1=N[CH]C=N1.[Co],4,0.35429775500000005,1.7932218042000003
C1=C[N]C=N1.C1=N[CH]C=N1.[Zn],9,1.244361985,6.6778391851
C1=C[N]C=N1.[Zn],4,0.554525312,0.35023464829999895
C1=C[N][C]=N1.[C]1=N[CH]C=N1.[Zn],3,0.55682469,1.1751643165000019
C1=NC=[N]=C[N]1.[Ag],2,0.09402187399999995,1.9501782796000002
C1=N[CH]N([N]1)Cc1ccc(cc1)Cn1cncn1.N1=C[N]N([CH]1)Cc1ccc(cc1)CN1[N]C=N[CH]1.[Cu],2,0.13529276899999998,5.0294849862
C1=N[CH]N([N]1)Cc1ccc(cc1)Cn1cncn1.N1=C[N]N([CH]1)Cc1ccc(cc1)CN1[N]C=N[CH]1.[Mo].[Ni].[O].[O]P(=O)([O])[O],2,0.012853162000000085,0.003121983499999814
C1=N[N]C=N1.[Cu].[N]1C=NN=C1,8,0.582549025,1.2115927648000007
C1=N[N]C=N1.[N]1=CN=NC=1.[N]1C=NN=C1.[O-]C(=O)c1ccc(cc1)C(=O)[O-].[Zn],2,1.991730512,2.526868922500001
C1CC[Si](C1)(c1ccncc1)c1ccncc1.[Ag],2,0.42176537800000014,0.2970828394999998
C1CN2CCN1CC2.I[Cu]12[Cu]3([Cu]1([Cu]23I)I)I.[Cu].c1cc(cc(c1)C1=Nc2c([N]1)cccc2)C1=Nc2c([N]1)cccc2,3,0.02328643999999999,0.5389856684000005
C1CN2CCN1CC2.[Ag],2,0.025340211000000057,0.021256650199999783
C1CN2CCN1CC2.[Ni][Ni].[O-]C(=O)c1ccc2c(c1)ccc(c2)C(=O)[O-],6,0.47132982800000006,10.1551537665
C1CN2CCN1CC2.[O-]C(=O)c1cc(C)c(cc1C)C(=O)[O-].[Zn][Zn],2,0.004590404000000214,0.01384593599999917
C1N2CN3CN1CN(C2)C3.[Ag],10,2.3651391569999998,7.6797811144
C1N2CN3CN1CN(C2)C3.[O-]C(=O)c1ccc2c(c1)ccc(c2)C(=O)[O-].[Zn].[Zn][Zn],6,0.0727607910000001,0.19795999389999963
C=C(C(=C)C(=O)[O-])C(=O)[O-].[Cd].n1ccc(cc1)c1ccncc1,2,0.06553176999999977,0.019444316299999986
CC(=O)[N][N]C(=O)c1ccccc1[O].[Mn].n1ccc(cc1)CCc1ccncc1,4,0.23971100999999995,0.39124863689999856
CC(C(=O)[O-])NC(=O)c1cc(cc(c1)C(=O)NC(C(=O)[O-])C)C(=O)NC(C(=O)[O-])C.[Co].n1ccc(cc1)c1ccncc1,2,0.040348886999999944,0.0398998045999992
CC(C(=O)[O-])NCc1ccncc1.Cl[Zn],2,0.004666693999999999,0.12870852540000044
CC(C(=O)[O-])NCc1ccncc1.[Zn],3,2.745629385,0.21029944400000034
CC(C(=O)[O-])Oc1cc(cc(c1)C(=O)[O-])C(=O)[O-].[Cd].c1ncn(c1)c1ccc(cc1)n1cncc1,2,0.05094792600000009,0.04567488679999965
CC(C(=O)[O-])[N]Cc1ccncc1.[Zn],2,0.0788073090000001,0.11550271149999958
CC(C(C(=O)[O-])NCc1ccncc1)C.Cl[Zn],2,0.018107645999999977,0.0066849986999999444
CC(C(C(=O)[O-])NCc1ccncc1)C.[Zn]Br,2,0.0026945640000000104,0.009596429600000178
CC(P(=O)(O)[O])(P(=O)([O])[O])O.CC(P(=O)([O])O)(P(=O)([O])[O])O.C[C](P(=O)(O)[O])O.C[C](P(=O)([O])O)O.[Sr],2,0.08357135400000004,0.0039923818000000555
CC(P(=O)([O])[O])(P(=O)([O])[O])O.[U],2,0.042304668000000004,0.09802519339999982
CC(c1cc2Sc3cc(cc(c3SCCn3[n-]ccc3)Sc3cc(cc(Sc4c(c(Sc(c1)c2SCCn1[n-]ccc1)cc(c4)C(C)(C)C)SCCn1[n-]ccc1)c3SCCn1[n-]ccc1)C(C)(C)C)C(C)(C)C)(C)C.[Ag],3,0.9086342760000001,0.1393532775000006
CC1=NC(=C([N]1)C(=O)[O-])C(=O)[O-].CC1=N[C](C(=N1)C(=O)[O-])C(=O)[O-].[Eu].[O-]C(=O)C1=N[C]=N[C]1C(=O)[O-].[O-]C(=O)C1=N[C]N=C1C(=O)[O-].[Zn],2,0.03562683099999964,0.035596697899999974
CC1=NC=C[N]1.CC1=N[CH]C=N1.[Zn],8,0.143099306,0.7770675213000011
CC1=NC=C[N]1.[Zn],8,0.08293366599999999,0.7600802823000006
CC1=NN=C([C]1[C]1C(=NN=C1C)C)C.CC1=N[N]C(=C1C1=C(C)[N]N=C1C)C.[O-]C(=O)c1ccc(cc1)C(=O)[O-].[Zn][O]([Zn])([Zn])[Zn],2,0.033691494000000044,0.19770836509999867
CC1=NN=C([N]1)C.[Cu][OH]1[Cu]O[Cu]1,2,0.12010627600000001,0.13621425519999875
CC1=NN=C([N]1)C.[O-]C(=O)c1ccc(cc1)C(=O)O.[Zn].[Zn][Zn],2,0.029248098,0.03738771009999908
CC1=NN=C([N]1)CC1=[N]=C(N=N1)C.CC1=[N]=C(N=N1)CC1=[N]=C(N=N1)C.[Zn],4,0.25123734500000006,0.7553361285000002
CC1=NN=N[N]1.[O-]C(=O)c1ccncc1.[Zn],2,0.1820507469999999,0.0021747704000003587
CC1=NN=N[N]1.[Zn],4,2.041080988,4.8259335032
CC1=N[CH]N[N]1.[Zn],3,0.088101394,0.6038796742000008
CCC(=O)[N][N]C(=O)c1ccccc1[O].[CH2]C(=O)[N][N]C(=O)c1ccccc1[O].[Mn].n1ccc(cc1)CCc1ccncc1,2,0.167230341,0.14759683609999996
CCC(=O)[N][N]C(=O)c1ccccc1[O].[Mn].n1ccc(cc1)CCc1ccncc1,5,0.1277377270000002,0.3335111222000009
CCC1=NN=C[N]1.[Ag].[Ag][Ag],2,0.03422422800000002,0.005469884499999855
CCCCCC(=O)[N][N]C(=O)c1ccccc1[O].[Mn].n1ccc(cc1)CCc1ccncc1,8,0.15220180500000002,0.3674500483000003
CCOc1c(cc(cc1c1ccc(cc1)C(=O)[O-])c1cc(c2ccc(cc2)C(=O)[O-])c(c(c1)c1ccc(cc1)C(=O)[O-])OCC)c1ccc(cc1)C(=O)[O-].[Cu][Cu],25,1.54088113,8.633614989699998
CCOc1cc(c2ccc(cc2)C(=O)[O-])c2c(c1c1c(OCC)cc(c3c1ccc(c3)c1ccc(cc1)C(=O)[O-])c1ccc(cc1)C(=O)[O-])ccc(c2)c1ccc(cc1)C(=O)[O-].[Cu][Cu],2,0.03731838799999998,5.6366623736
CCc1cnc(c(c1)C(=O)[O-])C(=O)[O-].[Co].n1ccc(cc1)CCc1ccncc1,2,0.491508069,0.25335299010000023
CCn1cnc(c1c1ccc(cc1)c1ccncc1)c1ccc(cc1)c1ccncc1.[Co].[O-]C(=O)C.[O-]C(=O)c1ccc(cc1)C(=O)[O-],2,0.04583788000000011,0.027551999200000843
COC(=O)c1cc(cc(c1)C(=O)[O-])C(=O)[O-].[Cu][Cu],2,0.5908707150000003,0.46286621839999986
CO[C](c1cc(cc(c1)C(=O)[O-])C(=O)[O-])OC.[CH2]O[C](c1cc(cc(c1)C(=O)[O-])C(=O)[O-])OC.[CH2]O[C](c1cc(cc(c1)C(=O)[O-])C(=O)[O-])O[CH2].[Cu][Cu],3,0.6331039669999998,0.8853455016999998
COc1c(cc(cc1c1ccc(cc1)C(=O)[O-])c1cc(c2ccc(cc2)C(=O)[O-])c(c(c1)c1ccc(cc1)C(=O)[O-])OC)c1ccc(cc1)C(=O)[O-].[Cu][Cu],18,1.464130671,7.870941367999999
COc1ccc2c(c1)c(ccn2)C(C1CC2CCN1CC2C(=O)[O-])O.[Cd],2,0.05101077799999998,0.30270063280000015
C[C](Oc1c(cc(cc1c1ccc(cc1)C(=O)[O-])c1cc(c2ccc(cc2)C(=O)[O-])c(c(c1)c1ccc(cc1)C(=O)[O-])O[C](C)C)c1ccc(cc1)C(=O)[O-])C.[Cu][Cu],2,0.0028611460000000366,0.2939269754999998
C[C](c1ccncc1)[N][N][C](c1ccncc1)C.[Cu][Cu].[O-]C(=O)CCCC(=O)[O-],2,0.039996328,0.09961450290000018
Cc1[nH][n-]c(c1Cc1c(C)[n-][nH]c1C)C.[Cd],2,0.508282138,1.031975329199999
Cc1[nH][n-]c(c1Cc1cccc(n1)Cc1c(C)[n-][nH]c1C)C.[C]#N.[Cu].[Cu][Cu],6,0.1957980640000001,1.4554552604000002
Cc1[nH][n-]c(c1c1c(C)[n-][nH]c1C)C.[Ag],2,0.660233515,0.4389354154999996
Cc1[nH][n-]c(c1c1c(C)[n-][nH]c1C)C.[Cd],6,3.544723014,7.057466257
Cc1[nH][n-]c(c1c1c(C)[n-][nH]c1C)C.[Co],2,1.9092008339999997,9.063502131900002
Cc1[nH][n-]c(c1c1c(C)[n-][nH]c1C)C.[Cu]I,2,0.29129634800000004,0.01945450659999981
Cc1[nH][n-]c(c1c1c(C)[n-][nH]c1C)C.[Fe],5,0.05135129500000002,0.05697779319999996
Cc1c(C)c(CNc2cc(cc(c2)C(=O)O)C(=O)[O-])c(c(c1CNc1cc(cc(c1)C(=O)[O-])C(=O)[O-])C)C.[Sm],3,0.438742859,3.7674608346999996
Cc1c(COc2cccc(c2)C(=O)[O-])c(C)c(c(c1COc1cccc(c1)C(=O)[O-])C)COc1cccc(c1)C(=O)[O-].[Zn],2,0.522545092,12.1587697074
Cc1cc(cc(c1)C(=O)[O-])C(=O)[O-].[Cd],2,0.009099014999999877,0.030964613700000143
Cc1cc(cc(c1)C(=O)[O-])C(=O)[O-].[Mn],2,0.07652060199999955,0.005090349599999655
Cc1ccc(cc1)C1=C2C=CC(=C(c3ccncc3)C3=NC(=C(C4=CC=C(C(=C5N=C1C=C5)c1ccncc1)[N]4)c1ccc(cc1)C)C=C3)[N]2.[Co],2,0.0066084410000000066,0.1897129127
Cc1nc(c([nH]1)C(=O)[O-])C(=O)[O-].[Eu].[O-]C(=O)C(=O)[O-],2,0.012424735000000187,0.02881683800000001
Cc1nc(c([nH]1)C(=O)[O-])C(=O)[O-].[Gd].[O-]C(=O)C(=O)[O-],2,0.08570174099999983,0.007215761699999934
Cc1nc(c([nH]1)C(=O)[O-])C(=O)[O-].[O-]C(=O)C(=O)[O-].[Sm],3,0.11329263799999989,0.12695802649999965
Cc1nccn1CCCCn1ccnc1C.[Cd].[O-]C(=O)c1c(F)c(F)c(c(c1F)F)C(=O)[O-],2,0.052226500999999814,0.1009030080000004
Cl[Cd].Cl[Cd]Cl.[Cd].n1ccc(cc1)C1=NN=N[N]1.n1ccc(cc1)C1=N[N]N=N1,2,1.126560765,3.9227043909
Cl[Cu].Nc1ccc(cc1)C1=NN=C([N]1)c1ccc(cc1)N.Nc1ccc(cc1)C1=N[N]C(=N1)c1ccc(cc1)N.Nc1ccc(cc1)C1=[N]=C(N=N1)c1ccc(cc1)N.[Cu],3,0.0064658210000000105,0.02119068440000005
Cl[Cu].[Cu].[O-]C(=O)c1cc(cc(c1)C(=O)[O-])C(=O)[O-],2,0.012673970000000034,0.021745187100000507
Cl[Cu].[Cu].n1ccc(cc1)c1ccncc1,3,0.546110613,9.075971265800002
Cl[Fe]O[Fe]Cl.[O-]C(=O)C(=O)[O-],8,0.024790879000000002,6.6077733975
Cl[Fe][OH][Fe]Cl.[O-]C(=O)C(=O)[O-],3,0.085854938,1.3361986995
Cl[Mn].Cl[Mn]Cl.N1=Nc2c(=N1)cc1c(=NN=N1)c2.[Mn],2,0.2142297949999996,0.22489962009999953
F[Al].F[Al]F.[Al].[O-]C(=O)[C]1[C][C][C]([C][C]1)C(=O)[O-],3,0.07224716499999984,0.1981944165999998
F[Al].F[Al]F.[Al].[O-]C(=O)c1ccc(cc1)C(=O)[O-],2,0.01758131499999993,0.005726570300000233
F[Al].[O-]C(=O)[C]1[C][C][C]([C][C]1)C(=O)[O-],13,0.15388160800000006,0.9390084156000018
F[Al]F.[Al].[O-]C(=O)[C]1[C][C][C]([C][C]1)C(=O)[O-],5,0.09579118799999997,0.6871973213999993
F[Cd].[Cd].[O-]C(=O)c1ccncc1.n1ccc(cc1)c1ccncc1,2,0.7695417419999999,0.8434201581999998
F[Co].OC(C(C(=O)[O-])O)C(=O)[O-].n1ccc(cc1)c1ccncc1,2,0.651731282,0.3260121235
F[U].Oc1cc(c(cc1P(=O)([O])[O])O)P(=O)([O])[O],2,0.09513314400000006,1.8791297783999998
F[U].[O]P(=O)(c1ccc(cc1)P(=O)([O])[O])[O].[U],3,0.05449221800000001,0.5225220594
Fc1c(Cc2ccncc2)c(F)c(c(c1F)Cc1ccncc1)F.[Cd],8,1.4112671519999997,1.3626150957000007
Fc1c(F)c(ccc1c1ccncc1)c1ccncc1.[O-]C(=O)c1ccc(cc1)C(=O)[O-].[Zn][Zn],2,0.527790059,2.9037161172
I[Cu]12[Cu]3([Cu]1([Cu]23I)I)I.[Cu][Cu].[O-]C(=O)c1cncc(c1)C(=O)[O-],4,0.03692685999999995,0.03887796680000033
I[Cu]12[S]3[Mo]4562[S]1[Cu]5[S]6[Cu]34.n1ccc(cc1)c1ccncc1,2,0.08371311200000009,0.047274144500000226
I[Cu][Cu]I.[Cu][Cu].[O-]C(=O)c1ccc(cc1)c1cncnc1,2,0.010539589000000071,1.1093096062
I[Zn]I.n1ccc(cc1)C1=NC(=[N]=C([N]1)c1ccncc1)c1ccncc1,78,0.5527439040000001,5.952456353800001
I[Zn]I.n1ccc(cc1)[C]1NC(=NC(=N1)c1ccncc1)c1ccncc1,2,0.00047338799999999126,0.021953335900000148
N#CC(C(c1ccc(cc1)[C](C#N)C#N)(C#N)C#N)(c1ccc(cc1)[C](C#N)C#N)C#N.[Zn].n1ccc(cc1)c1ccncc1,5,0.29545600299999997,0.4396311332999998
N#CC1=[C]C(=C([C]=C1C#N)C#N)C#N.[Cu],2,0.873068972,0.1832576268999997
N#C[C](c1c(F)c(F)c(c(c1F)F)[C](C#N)C#N)C#N.[Cu],3,1.865553115,3.9819131080999988
N#C[C](c1c2[N]S[N]c2c(c2c1nsn2)[C](C#N)C#N)C#N.[Ru][Ru],2,1.2251368140000003,0.35361429860000015
N#C[C](c1ccc(cc1)[C](C#N)C#N)C#N.[Cd],2,0.39733909399999995,0.006992665600000336
N#C[C](c1ccc(cc1)[C](C#N)C#N)C#N.[Cu],3,0.8955424510000001,1.2014203717999994
N#C[C](c1ccc(cc1)[C](C#N)C#N)C#N.[Fe],4,4.564544143,2.0413109492999997
N#C[C](c1ccc(cc1)[C](C#N)C#N)C#N.[Mn],2,0.07825735500000003,0.4266659319000006
N#C[C](c1ccc(cc1)[C](C#N)C#N)C#N.[Zn],4,4.614052637,5.7446966196
N#C[N]C#N.[Co],3,4.084954809,3.6926825111
N#C[N]C#N.[Cu].[Mn],2,0.0007622280000000037,0.12202899350000074
N#C[N]C#N.[Fe],4,3.114854363,4.188485428
N#C[N]C#N.[Mn],6,0.058567891999999996,3.6986175151999996
N#C[N]C#N.[Ni],2,0.0027743370000000017,1.0868466027999997
N#C[N]C#N.[Ni].n1ccc(cc1)CCc1ccncc1,3,0.31138486600000004,0.3535322279999997
N#Cc1cc(cc(c1)C(=O)[O-])C(=O)[O-].[Dy][Dy],2,1.0917283189999996,1.5421834921000004
N#Cc1ccc(cc1)c1ccc(cc1)C#N.[Ag],5,0.523782655,1.2084248454999997
N#Cc1ccc(s1)c1ccc(s1)C#N.[Ag],2,0.03582317,0.007965844299999914
N#Cc1ccc(s1)c1ccc(s1)c1ccc(s1)C#N.[Ag],2,0.06023127499999992,0.3378485858999998
N1=CC=N[N]1.[CH]1C=NN=N1.[O-]C(=O)c1ccc(cc1)C(=O)[O-].[Zn],3,2.230013264,7.1012966236
N1=C[N]N([CH]1)c1ccc(cc1)N(c1ccc(cc1)N1[N]C=N[CH]1)c1ccc(cc1)N1[N]C=N[CH]1.[O-]C(=O)c1ccc(cc1)c1cccc(c1)c1ccc(cc1)C(=O)[O-].[Zn],2,0.03972044199999991,0.008671080599999659
N1=NN=C([N]1)c1cc(C2=NN=N[N]2)c(cc1C1=NN=N[N]1)C1=NN=N[N]1.[C]#N.[Cu],4,0.06319534100000002,0.05900839570000027
N1=NN=C([N]1)c1ccc(cc1)C1=NN=N[N]1.[Fe].[O-]C(=O)C(=O)[O-],3,0.1975517109999998,0.044308180699999866
NC1=NC=NC2=NC=N[C]12.Nc1ncnc2=[N]=CN=c12.[O-]C(=O)c1ccncc1.[Zn],4,0.11243531399999984,1.5588810555000001
NC1=NN=C([N]1)CC1=[N]=C(N=N1)N.[Zn],4,0.09287868899999996,0.03787296710000021
NC1=NN=C([N]1)N.[O-]C(=O)c1cc(cc(c1)C(=O)[O-])c1cc(cc(c1)C(=O)[O-])C(=O)[O-].[Zn].[Zn][Zn],2,0.12719498100000004,0.6959320321
NC1=NN=C[N]1.NC1=[N]=CN=N1.[O-]C(=O)C(=O)[O-].[Zn],4,0.150652821,0.5361428624999998
NC1=NN=N[N]1.[O-]C(=O)c1ccc(cc1)c1cc(cc(c1)c1ccc(cc1)C(=O)[O-])c1ccc(cc1)C(=O)[O-].[Zn],2,0.0048955799999998995,0.06428053459999994
NC1=NN=N[N]1.[O-]C(=O)c1ccc2c(c1)ccc(c2)C(=O)[O-].[Zn],2,2.0514311689999998,6.8341947669
NC1=NN=N[N]1.[O-]C(=O)c1ccncc1.[Zn],2,0.38127753200000014,0.07432844410000028
NC1=NN=N[N]1.[Zn],2,0.014940595999999973,0.17579455179999925
NC1=N[N]C(=N1)N.NC1=[N]=C(N=N1)N.[Co][Co].[O-]C(=O)c1ccc(cc1)S(=O)(=O)c1ccc(cc1)C(=O)[O-],2,0.039741100999999945,0.10910610150000011
NC1=N[N]C(=N1)N.[Co][Co].[O-]C(=O)c1ccc(cc1)S(=O)(=O)c1ccc(cc1)C(=O)[O-],2,0.018791618000000065,0.10532099409999951
NC1CC(N)CC(C1)N.[Ag],2,0.428752595,0.2285457430000002
NCCN.[Ag][Ag],7,0.047383772000000005,1.1660059343
Nc1cc(cc(c1)C(=O)O)C(=O)[O-].Nc1cc(cc(c1)C(=O)[O-])C(=O)[O-].[Mg][OH2][Mg][OH2][Mg],2,0.5042561300000004,0.09761927969999995
Nn1c(nnc1c1cccc(c1)c1ccncc1)c1cccc(c1)c1ccncc1.[Cd],16,0.50728726,0.3390859031
Nn1c(nnc1c1ccncc1)c1ccncc1.[O-]C(=O)c1cc(OCc2cccc(c2)COc2cc(cc(c2)C(=O)[O-])C(=O)[O-])cc(c1)C(=O)[O-].[Zn],2,1.0880253729999998,1.2186000444000005
Nn1c(nnc1c1ccncc1)c1ccncc1.[O-]C(=O)c1ccc(cc1)c1ccc(cc1)N(c1ccc(cc1)c1ccc(cc1)C(=O)[O-])c1ccc(cc1)c1ccc(cc1)C(=O)[O-].[Zn],2,0.13937767600000006,1.8349970937000002
O(CC(n1[n-]ccc1)(n1[n-]ccc1)n1[n-]ccc1)Cc1ccc(cc1)COCC(n1[n-]ccc1)(n1[n-]ccc1)n1[n-]ccc1.[Ag],2,0.258419611,1.5777026270000003
O(CCC1=NN=N[N]1)CCC1=N[N]N=N1.[Cu],2,0.023256592999999992,0.019972557400000035
O.[Mg].[O-]C(=O)c1ccc(c2c1cccc2)C(=O)[O-],2,1.5234614270000004,0.125611887999999
O1O[K]21OO2.[Co].[O-]C(=O)C(CC(=O)[O-])(CC(=O)[O-])[O],3,0.063446111,1.2423047133
O1O[Mo]2341O[Mo]15O[Mo]678[O]4[Zn]49[O]%10[Mo]%11%12O[Mo]%13%14%15[O]9[Mo]9%16%13[O]([Zn]%13%17[O]3[Mo]3%18[O]2[Zn]2[O]1[Mo]1%19[O]5[Zn]5[O]7[Mo]78([O]6%17)O[Mo]68[O]%13[Mo]%13(O%18)O[Mo]%17%18([O]2[Mo]2%17(O1)O[Mo]1%17(O%19)[O]5[Mo]1(O7)(O8)[O]%17[Zn]([O]%182)[O]6%13)O3)[Mo]123([O]4[Mo]45[O]3[Zn]3[O]6[Mo](O9)(O2)[O]2[Zn]([O]%14%16)[O]7[Mo]8(O%11)(O%15)[O]9[Zn]%11[O]%12[Mo]%10(O[Mo]%10%12(O5)[O]3[Mo]3%12([O]%11%10)O[Mo]789O[Mo]62O3)O4)OO1.O1[Mo]234O[Mo]56O[Mo]781[O]1[Mo]9%108[O]7[Zn]7[O]3[Mo]384[O]2[Zn]2[O]6[Mo]46[O]5[Zn]1[O]1[Mo]5%11(O%10)[Mo]%101([O]%11[Zn]1%11[O]%12[Mo](O3)([O]7[Mo]%12(O9)O5)O[Mo]35(O8)[O]2[Mo]3([O]15)(O6)[O]%10[Zn]12[O]3[Mo]56O[Mo]789[O]2[Mo]2%107[O]%11[Mo]7%11%12[O]1[Mo]1%137[O]%12[Zn]7[O]%12[Mo](O2)(O%11)[O]2[Zn]([O]8%10)[O]8[Mo]%10(O5)(O9)[O]5[Zn]9[O]6[Mo]3(O1)O[Mo]13(O%13)[O]7[Mo]63([O]91)O[Mo]8%105O[Mo]%122O6)O4.[O-]C(=O)c1ccc(cc1)c1cc(cc(c1)c1ccc(cc1)C(=O)[O-])C1=CC=[C]C=C1.[O-]C(=O)c1ccc(cc1)c1cc(cc(c1)c1ccc(cc1)C(=O)[O-])c1ccc(cc1)C(=O)[O-],2,0.0037506490000000503,0.02228228919999964
O1[Mo]234O[Mo]56O[Mo]781[O]1[Mo]9%108[O]7[Zn]7[O]3[Mo]384[O]2[Zn]2[O]6[Mo]46[O]5[Zn]1[O]1[Mo]5%11(O%10)[Mo]%101([O]%11[Zn]1%11[O]%12[Mo](O3)([O]7[Mo]%12(O9)O5)O[Mo]35(O8)[O]2[Mo]3([O]15)(O6)[O]%10[Zn]12[O]3[Mo]56O[Mo]789[O]2[Mo]2%107[O]%11[Mo]7%11%12[O]1[Mo]1%137[O]%12[Zn]7[O]%12[Mo](O2)(O%11)[O]2[Zn]([O]8%10)[O]8[Mo]%10(O5)(O9)[O]5[Zn]9[O]6[Mo]3(O1)O[Mo]13(O%13)[O]7[Mo]63([O]91)O[Mo]8%105O[Mo]%122O6)O4.[O-]C(=O)c1cc(cc(c1)C(=O)[O-])C(=O)[O-],3,0.07587290900000002,0.04851460999999979
O1[V]2O[V]3[O]4562[V]1O[V]6O[V]5O[V]4O3.[O-][n+]1ccc(cc1)c1cc[n+](cc1)[O-].[O]CC(NCc1ccc(cc1)C(=O)[O-])(C[O])C[O].[O]N1[CH]C=C(C=C1)c1cc[n+](cc1)[O-].[Tb],2,0.05487079000000028,0.009318694199998312
O=C(N1CCCC1C(=O)[O-])c1cc(cc(c1)C(=O)[O-])C(=O)[O-].[Cu][Cu],3,0.887142518,2.1139281569
O=C(Nc1cccnc1)Cc1ccc(cc1)CC(=O)Nc1cccnc1.[Cd],2,0.4060424679999999,4.344360460099999
O=C(c1cc(cc(c1)C(=O)Nc1cc(cc(c1)C(=O)[O-])C(=O)[O-])c1cc(cc(c1)C(=O)Nc1cc(cc(c1)C(=O)[O-])C(=O)[O-])C(=O)Nc1cc(cc(c1)C(=O)[O-])C(=O)[O-])Nc1cc(cc(c1)C(=O)[O-])C(=O)[O-].[Cu][Cu],3,0.13668849500000002,0.2614149663000003
O=C(c1ccc(cc1)C(=O)Nc1cc(cc(c1)C(=O)[O-])C(=O)[O-])Nc1cc(cc(c1)C(=O)[O-])C(=O)[O-].[Cd],2,0.025138951999999937,0.05961311669999958
O=C(c1ccc(cc1)Oc1ccc(cc1)C(=O)[N]c1ccncc1)[N]c1ccncc1.[Co].[O-]C(=O)c1ccc(cc1)C(=O)[O-],2,0.050900702999999936,0.021462667900000287
O=C(c1ccccn1)c1cccnc1.[Ag][Ag],2,0.018032665000000003,0.01634923569999991
O=C(c1cccnc1)NCCNC(=O)c1cccnc1.[Cu],2,1.924434116,15.622824884
O=C(c1cccnc1)c1cccnc1.[Ag][Ag],11,0.25132075500000006,0.6850605559999989
O=C(c1ccncc1)Nc1cc(cc(c1)C(=O)[O-])C(=O)[O-].[Cu],4,0.06024091199999981,0.005313612700000192
O=C(c1ccncc1)Nc1cc(cc(c1)C(=O)[O-])C(=O)[O-].[Zn][Zn],2,0.534042143,0.5724931772000001
O=C(c1ccncc1)[CH]C(=O)C.[Cu],2,0.0014340870000000283,0.017123109699999972
O=C1C(=O)C(=O)C1=O.[Co].[OH],3,0.25341438299999997,0.1052724395000002
O=C1N(c2ccncc2)C(=O)c2c3c1ccc1c3c(cc2)C(=O)N(C1=O)c1ccncc1.[O-]C(=O)c1ccc(cc1)C(=O)[O-].[Zn][Zn],2,0.5491808090000001,4.323261758799999
O=C1N(c2ccncc2)C(=O)c2c3c1ccc1c3c(cc2)C(=O)N(C1=O)c1ccncc1.[O-]C(=O)c1ccc(cc1)C1=C2C=CC3=[N]2[Mn]24n5c1ccc5C(=C1[N]2=C(C=C1)C(=c1n4c(=C3c2ccc(cc2)C(=O)[O-])cc1)c1ccc(cc1)C(=O)[O-])c1ccc(cc1)C(=O)[O-].[Zn][Zn],3,0.43965577499999986,1.1759803393000006
O=C1N(c2ccncc2)C(=O)c2c3c1ccc1c3c(cc2)C(=O)N(C1=O)c1ccncc1.[O-]C(=O)c1ccc2c(c1)ccc(c2)C(=O)[O-].[Zn][Zn],2,0.07060264999999999,0.06956758659999807
O=C1NCCN1.[Co].[O-]C(=O)c1ccc(cc1)C(=O)[O-],2,0.023598086000000018,0.04524632510000082
O=N(=O)C1=NC=C[N]1.O=N(=O)C1=N[CH]C=N1.[Zn].c1ccc2c(c1)N=C[N]2,2,0.23345781,0.0469928138000002
O=N(=O)c1cc(ccc1C(=O)[O-])C(=O)[O-].[Cu].n1ccc(cc1)[N][N]c1ccncc1,2,0.008670359999999988,0.328145165
O=[C]1=NC=CC=N1.[Cu],2,0.17167645500000006,1.4661346351
O=[C]1=NC=CC=N1.[Pd],2,0.15192039899999998,0.06681044010000026
O=[C]1=N[C]=[C][C]=N1.[Cu],2,0.002813865999999998,0.01751830979999891
O=c1c2cc3c(cc2c(=O)n1Cc1ccncc1)c(=O)n(c3=O)Cc1ccncc1.[Cu].[O-]C(=O)c1ccccc1C(=O)[O-],4,1.8573751440000001,2.3221041915000007
OC(=O)C1=NC=N[C]1C(=O)[O-].[Cd].[O-]C(=O)C1=C([N]C=N1)C(=O)[O-],2,0.06570784200000013,0.23479786779999978
OC(c1ccccc1)C(=O)[O-].[Co].n1ccc(cc1)c1ccncc1,5,0.15762123499999992,0.9248448208000006
S=C1[N]N=NN1C.[Ag].[Ag][Ag],2,0.016192638000000037,0.08538654619999875
[Ag].[C]#N.[Fe].n1ccc(cc1)C1=NC(=[N]=C([N]1)c1ccncc1)c1ccncc1,7,0.6844000719999999,0.9185067668000002
[Ag].[Cr].[O-]C(=O)C(=O)[O-],2,0.09020240399999999,6.809361207000001
[Ag].[Cr][O]([Cr])[Cr].[O-]C(=O)c1ccncc1,2,0.0017598550000000046,0.2801994729999997
[Ag].c1ccc(cc1)P(c1ccccc1)CCP(c1ccccc1)c1ccccc1.c1ncn(c1)Cc1ccc(cc1)Cn1cncc1,2,0.10342747600000002,0.016116605399999706
[Ag].c1ccc(nc1)C1=NN=N[N]1,2,0.006282954000000007,0.04788441180000014
[Ag].c1ccc(nc1)n1c(nnc1c1ccncc1)c1ccncc1,3,0.342092678,1.3065557059999997
[Ag].c1ccn([n-]1)c1cc(cc(c1)n1[n-]ccc1)n1[n-]ccc1,2,0.5996614309999999,0.9475210569999999
[Ag].n1ccc(cc1)C1=NC(=[N]=C([N]1)c1ccncc1)c1ccncc1,36,0.345960078,0.4049599887000004
[Ag].n1ccc(cc1)C1=NN=N[N]1.n1ccc(cc1)C1=N[N]N=N1,2,0.035226897000000035,0.08867721360000047
[Ag].n1ccc(cc1)CCc1ccncc1,2,0.27976239800000013,0.7622384045999997
[Ag].n1ccc(cc1)c1sc(c(c1c1ccncc1)c1ccncc1)c1ccncc1,5,0.17225945099999995,0.5365834570000008
[Ag].n1ccnc(c1)Cc1nccnc1,9,1.429387137,6.4360055134000005
[Ag].n1ccnc(c1)Sc1nccnc1,2,0.516521961,0.8095431513999998
[Ag].n1ccnc(c1)c1nnc(o1)c1nccnc1,2,0.11213377999999974,0.013054765099999699
[Ag].n1ccncc1,3,0.214460771,0.9429526105000008
[Ag].n1cncc(c1)c1cncnc1,2,0.533612079,1.2574392078
[Ag].n1ncc2c(c1)cnnc2,3,0.40369217700000015,1.1934818191999996
[Ag].n1ncn(c1)CCn1cnnc1,2,0.19220683999999993,2.9233287205
[Ag].n1ncn(c1)n1cnnc1,5,0.252832313,8.3447186841
[Ag]1[Ag][Ag][Ag]1.[C]#N.[Cd],2,0.14980752400000008,0.16325526899999998
[Ag]1[Ag][Ag][Ag]1.[C]#N.[Fe],2,0.058311843999999946,0.03913627119999999
[Al].[O-]C(=O)C1=[C][C]=C([C]=[C]1)C(=O)[O-].[O],16,0.047757826,0.35325914919999946
[Al].[O-]C(=O)[C]1[C][C][C]([C][C]1)C(=O)[O-].[O],2,1.311846433,2.1693246030000006
[Al].[O-]C(=O)[C]1[C][C][C]([C][C]1)C(=O)[O-].[O].[O][C]([C]1[C][C][C]([C][C]1)C(=O)[O-])[O],2,0.5328408860000002,0.07273450200000031
[Al].[O-]C(=O)c1cc(cc(c1)C(=O)[O-])c1cc(cc(c1)C(=O)[O-])C(=O)[O-].[OH],4,1.0856707920000002,0.08565697950000128
[Al].[O-]C(=O)c1ccc(cc1)C(=O)[O-].[OH],10,2.2132547130000004,4.306924124
[Au].[C]#N.[Fe],2,0.061248373,0.08402526520000003
[Au].[C]#N.[Fe].n1ccc(cc1)C1=NC(=[N]=C([N]1)c1ccncc1)c1ccncc1,7,0.15651263699999995,0.6973466299000002
[Au].[C]#N.[Fe].n1ccc(cc1)C1=N[N]C(=N[N]1)c1ccncc1.n1ccc(cc1)c1nnc(nn1)c1ccncc1,2,0.21260686399999995,0.1585116464999996
[Au].[NH]C1=CC(=C2[C]3C1=C([O])C=C(C3=C(C=C2[NH])[O])[NH])[O],2,0.0007151699999999872,0.01514790779999764
[Au][Au].[C]#N.[Fe].n1ccc(cc1)c1ccc(nn1)c1ccncc1,2,0.06139070099999999,0.10467625400000014
[Ba].[Li].[O-]C(=O)c1[nH][n-]c(c1)C(=O)[O-],2,0.658658864,1.7039906717999997
[Ba].[O-]C(=O)c1ccc(cc1)c1cc(cc(c1)c1ccc(cc1)C(=O)[O-])c1ccc(cc1)C(=O)[O-],3,0.346054997,0.29740661459999984
[Ba]1[OH2][Ba][OH2]1.[O-]C(=O)C(=O)[O-].[V]O[Ba]O[V],2,0.14415728700000008,0.07608329619999998
[Bi].[O-]C(=O)C(CC(=O)[O-])(CC(=O)[O-])[O],2,1.140946037,1.8056722601
[CH]1C2[CH]C1C1(C3C4C2(C4C13)n1cnnc1)n1cnnc1.[Cu],2,0.08011919800000022,0.06092109409999935
[C]#N.[C]#[C].[Cd],25,0.891603884,4.7859950571
[C]#N.[C]#[C].[Cu].[Cu][Cu],3,0.0011597950000000051,0.5869150563999996
[C]#N.[C]#[C].[Cu].c1cnc(cn1)c1cc(cc(n1)c1cnccn1)c1ccncc1,2,0.027064493999999995,0.015675892099999977
[C]#N.[C]#[C].[Cu][Cu],2,0.00026278999999999886,1.0129421364
[C]#N.[Cd],12,2.6365691669999998,3.9562620242000004
[C]#N.[Cd].[Cu][Cu],2,0.234255389,1.4105983686
[C]#N.[Cd].[Ni],25,0.168297121,0.9894382070000001
[C]#N.[Co].[Sr],3,2.281425654,3.2930287528999993
[C]#N.[Cr].[Mn],2,0.16995471899999992,0.03753604800000021
[C]#N.[Cu].[Cu][Cu],7,0.026767224,2.1928694945999996
[C]#N.[Cu].[Mo],2,0.589984153,1.155144814
[C]#N.[Cu].[W].c1ccncn1,4,0.163521493,0.3357314684000001
[C]#N.[Cu].[Zn],5,0.076196081,0.16971667799999945
[C]#N.[Cu][Cu],2,0.012342678000000003,0.5685819748000003
[C]#N.[Fe].[Mn],2,1.7501788950000001,1.8510407144
[C]#N.[Fe].[Nb],2,2.481406672,0.6662554883
[C]#N.[Fe].[Ni],2,0.4019575799999999,0.06275675420000004
[C]#N.[Fe].[Ni].n1ccncc1,3,0.1318489839999999,0.40362894720000053
[C]#N.[Fe].[Pt],3,0.320602649,2.7616829381
[C]#N.[Fe].[Pt].n1ccc(cc1)C#CC#Cc1ccncc1,4,0.37893744100000004,0.49007439289999954
[C]#N.[Fe].[Pt].n1ccncc1,4,1.1168542700000001,0.20804773119999975
[C]#N.[Mn].[Mo],12,5.100498765,2.9515763531
[C]#N.[Mn].[Nb],4,3.8116471140000003,2.5997432983
[C]#N.[Mn].[Nb].n1ccncc1,2,0.6982344279999997,1.0991415921999996
[C]#N.[Mn].[W],2,0.5541561280000002,0.8037557620000002
[C]#N.[Mn].n1ccc(cc1)c1ccncc1,2,0.0102009970000001,0.07304529849999941
[C]#N.[Mo].[Ni],4,0.440716906,3.3967620546000004
[C]#N.[Nb].[Zn],2,0.012055318000000037,0.045637989799999445
[C]#N.[Ni].[W],4,1.018989422,3.4796684463000003
[C]#[C].[Cd],28,0.761411625,0.539820752499999
[C]#[C].[Zn],2,0.07952863200000002,0.8027027492000016
[C][C]C1([C][C]1)Oc1c(cc(cc1c1ccc(cc1)C(=O)[O-])c1cc(c2ccc(cc2)C(=O)[O-])c(c(c1)c1ccc(cc1)C(=O)[O-])OC1([C][C])[C][C]1)c1ccc(cc1)C(=O)[O-].[Cu][Cu],10,1.358763961,6.046883040600001
[Ca].[Cd].[O-]C(=O)c1ccc(cc1)C(=O)[O-],3,3.719220012,3.972884786399999
[Ca].[Cu].[O-]C(=O)c1ccc(s1)C(=O)[O-],2,1.3568582400000002,0.9248124083999985
[Ca].[Eu].[O-]C(=O)c1cccc(n1)C(=O)[O-],2,0.0033809670000000125,0.2053466277
[Ca].[O-]C(=O)CCCCC(=O)[O-],2,1.38200521,4.3445137364
[Ca].[O-]C(=O)c1cc(O)c(cc1O)C(=O)[O-],3,4.749402224000001,5.553106927099999
[Ca].[O-]C(=O)c1cc(cc(c1)C(=O)O)C(=O)[O-],2,0.1371358210000002,0.5494120289999995
[Ca].[O-]C(=O)c1cc(cc(c1)C(=O)[O-])C(=O)[O-],2,1.9421882890000002,1.2588492982000004
[Ca].[O-]C(=O)c1ccc(c2c1cccc2)C(=O)[O-],2,0.15053340700000017,0.2554428085999998
[Ca].[O-]C(=O)c1ccc(cc1)C(=O)[O-],3,2.263917909,1.290659913099999
[Ca].[O-]C(=O)c1ccc(cc1)S(=O)(=O)c1ccc(cc1)C(=O)[O-],15,0.10770679900000002,0.4865766627999999
[Ca].[O-]C(=O)c1ccc(cc1)c1cc(c2ccc(cc2)C(=O)O)c(cc1c1ccc(cc1)C(=O)O)c1ccc(cc1)C(=O)[O-],6,0.30054342200000006,0.40352749659999976
[Ca].[O-]C(=O)c1ccc(s1)C(=O)[O-],4,1.0348250159999992,0.7835563809999995
[Ca].[O-]C(=O)c1cccc(c1)C(=O)[O-],2,0.7859206800000003,3.6263471517
[Cd].[Cd][Cd].[O-]C(=O)c1cc(cc(c1)C(=O)[O-])C(=O)[O-],2,2.088354795,1.998469474300001
[Cd].[Cs].[O-]C(=O)c1cccc(c1)C(=O)[O-],2,0.008750829000000016,0.00348184390000128
[Cd].[Cu].[O-]C(=O)CC(=O)[O-],2,0.02173239399999982,0.03425545039999989
[Cd].[Hg].[S]C#N,4,1.355082232,1.0828620881000002
[Cd].[N]([CH]c1ccncc1)[N][CH]c1ccncc1.n1ccc(cc1)C=NN=Cc1ccncc1,2,3.84381102,2.394106367900001
[Cd].[N][N][N].[O-]C(=O)c1ccncc1,3,0.839195832,0.6253962180999997
[Cd].[N][N][N].n1ccc(cc1)C1=NN=N[N]1.n1ccc(cc1)C1=N[N]N=N1,3,0.2550742719999999,0.45527375980000073
[Cd].[Na].[O-]C(=O)c1ccc(cc1)C(=O)[O-],2,0.42191570600000006,0.7542614136000001
[Cd].[O-]C(=O)C(=O)[O-],3,0.5229694029999999,3.968088816299999
[Cd].[O-]C(=O)C1=C[C]=CC(=C1)C(=O)[O-],2,0.10823397400000001,0.060532610799999276
[Cd].[O-]C(=O)C1CC(CC(C1)C(=O)[O-])C(=O)[O-].n1ccc(cc1)c1ccncc1,2,0.666212056,2.2683366884
[Cd].[O-]C(=O)C=Cc1cnc[nH]1,2,0.009866548000000003,0.22232769460000013
[Cd].[O-]C(=O)CC(=O)[O-],3,0.05528166999999984,0.05436635349999985
[Cd].[O-]C(=O)CCn1c(=O)n(CCC(=O)[O-])c(=O)n(c1=O)CCC(=O)[O-],2,0.09475099399999998,0.8890161166999997
[Cd].[O-]C(=O)CN(Cc1ccncc1)CC(=O)[O-],2,3.0139458439999998,1.5152174038
[Cd].[O-]C(=O)c1c2ccccc2c(c2c1cccc2)C(=O)[O-],2,3.275820436,9.174834224800001
[Cd].[O-]C(=O)c1cc(C(=O)[O-])c(cc1C(=O)[O-])C(=O)[O-],3,0.9760328450000001,5.1743899333000005
[Cd].[O-]C(=O)c1cc(c2ccc(cc2)C(=O)[O-])c(cc1c1ccc(cc1)C(=O)[O-])C(=O)[O-],2,4.089648811,2.107299717300001
[Cd].[O-]C(=O)c1cc(c2cccc(c2)C(=O)[O-])c(cc1c1cccc(c1)C(=O)[O-])C(=O)[O-],3,1.7803825569999998,3.8985438885000003
[Cd].[O-]C(=O)c1cc(cc(c1)C(=O)[O-])C(=O)[O-],13,5.932696303,10.2683286946
[Cd].[O-]C(=O)c1cc(cc(c1)C(=O)[O-])[C]1N[N]C(=N1)c1cc(cc(c1)C(=O)[O-])C(=O)[O-].[O-]C=O,2,1.5075876910000001,2.3489640213
[Cd].[O-]C(=O)c1cc(cc(c1)C1=NN=N[N]1)C(=O)[O-],3,4.179241074,1.3353168572
[Cd].[O-]C(=O)c1cc(cc(c1)Oc1ccc(cc1)C(=O)[O-])Oc1ccc(cc1)C(=O)[O-],2,0.08858323400000012,0.04112155159999897
[Cd].[O-]C(=O)c1cc(cc(c1)c1cc(cc(c1)C(=O)[O-])C(=O)[O-])c1cc(cc(c1)C(=O)[O-])C(=O)[O-],2,0.7148936999999997,2.5841489639999997
[Cd].[O-]C(=O)c1cc(cc(c1)c1ccncc1)C(=O)[O-],4,0.17524356099999983,0.32973888439999977
[Cd].[O-]C(=O)c1cc(ccc1C(=O)[O-])C(C(F)(F)F)(C(F)(F)F)c1ccc(c(c1)C(=O)[O-])C(=O)[O-],2,0.02598296099999997,0.043397057900000036
[Cd].[O-]C(=O)c1cc(nc(c1)C(=O)[O-])C(=O)[O-],2,0.03595759300000001,0.004029954299999972
[Cd].[O-]C(=O)c1ccc(c(c1)N)C(=O)[O-].n1ccc(cc1)c1ccncc1,2,0.046083207000000015,1.9696193279000003
[Cd].[O-]C(=O)c1ccc(c2c1cccc2)C(=O)[O-],2,0.13103257800000012,0.4961586115000003
[Cd].[O-]C(=O)c1ccc(c2c1nsn2)C(=O)[O-],2,0.018754864000000038,0.15822940700000032
[Cd].[O-]C(=O)c1ccc(cc1)C(=C(c1ccc(cc1)C(=O)[O-])c1ccc(cc1)C(=O)[O-])c1ccc(cc1)C(=O)[O-],2,1.195988942,1.9413497068000023
[Cd].[O-]C(=O)c1ccc(cc1)C(=O)[O-],6,3.2202235200000002,10.948680623200001
[Cd].[O-]C(=O)c1ccc(cc1)C(=O)[O-].n1ccc(cc1)CCc1ccncc1,2,0.29839711199999996,0.07875927559999996
[Cd].[O-]C(=O)c1ccc(cc1)C1=C2C=CC3=[N]2[Pd]24n5c1ccc5C(=C1[N]2=C(C=C1)C(=c1n4c(=C3c2ccc(cc2)C(=O)[O-])cc1)c1ccc(cc1)C(=O)[O-])c1ccc(cc1)C(=O)[O-],4,0.1284605379999999,0.6058030775000001
[Cd].[O-]C(=O)c1ccc(cc1)N(c1ccc(cc1)C(=O)[O-])c1ccc(cc1)C(=O)[O-],6,1.32078863,0.6264861268999997
[Cd].[O-]C(=O)c1ccc(cc1)N1[N]C=N[CH]1,2,0.18482314,0.7536564586000001
[Cd].[O-]C(=O)c1ccc(cc1)OCC(COc1ccc(cc1)C(=O)[O-])(COc1ccc(cc1)C(=O)[O-])COc1ccc(cc1)C(=O)[O-],5,1.329544324,6.466645507499999
[Cd].[O-]C(=O)c1ccc(cc1)Oc1cc(cc(c1)Oc1ccc(cc1)C(=O)[O-])Oc1ccc(cc1)C(=O)[O-],4,0.43167468200000014,1.3656745741000007
[Cd].[O-]C(=O)c1ccc(cc1)Oc1ccc(cc1)C(=O)[O-],2,0.06733277799999993,0.9267640586999999
[Cd].[O-]C(=O)c1ccc(cc1)[Si](c1ccc(cc1)C(=O)[O-])(c1ccc(cc1)C(=O)[O-])c1ccc(cc1)C(=O)[O-],4,2.043600092,3.0825688189000005
[Cd].[O-]C(=O)c1ccc(cc1)c1cc(cc(c1)C(=O)[O-])C(=O)[O-],6,1.9814496839999998,0.8909639541000005
[Cd].[O-]C(=O)c1ccc(cc1)c1cc(cc(c1)c1ccc(cc1)C(=O)[O-])c1ccc(cc1)C(=O)[O-],3,1.7683289700000002,1.7282861669000003
[Cd].[O-]C(=O)c1ccc(cc1)c1cc(cc(n1)c1ccc(cc1)C(=O)[O-])c1ccncc1,2,2.161962574,4.3154249807
[Cd].[O-]C(=O)c1ccc(cc1)c1ccc(cc1)C(=O)[O-].[O]c1c(C=NC2CCCCC2N=Cc2cc(cc(c2[O])C(C)(C)C)c2ccncc2)cc(cc1C(C)(C)C)c1ccncc1.[V][V]O[V][V],2,0.8092688579999998,0.15490193289999965
[Cd].[O-]C(=O)c1ccc(cc1)c1ccncc1.[O-]C(=O)c1cccc(c1)c1ccncc1,3,0.09147618499999988,1.2815346341000002
[Cd].[O-]C(=O)c1ccc(cc1)c1cnc[nH]1,3,1.9909855040000002,5.141756104800001
[Cd].[O-]C(=O)c1ccc(cc1)n1cncc1,4,1.600931459,2.5547399423000003
[Cd].[O-]C(=O)c1ccc(o1)C(=O)[O-],3,3.893160121,2.5558877656
[Cd].[O-]C(=O)c1ccc2c(c1)c1ccc(cc1c1c2cc(cc1)C(=O)[O-])C(=O)[O-],3,1.571601368,2.1061034185
[Cd].[O-]C(=O)c1ccc2c(c1)ccc(c2)C(=O)[O-],2,2.582539232,2.9623819459000007
[Cd].[O-]C(=O)c1ccncc1,10,2.42813158,3.0789794854
[Cd].[O-]C(=O)c1ccncc1.[O]S(=O)(=O)[O],2,0.29693132199999983,0.2699788274000001
[Cd].[O-]C(=O)c1cnccc1C(=O)[O-].n1ccc(cc1)c1ccncc1,3,0.013924255000000052,7.012112499100001
[Cd].[O-]C(=O)c1ncccn1,2,0.003161969999999986,0.00527672910000021
[Cd].[O]S(=O)(=O)[O].n1ccc(cc1)c1ccncc1,2,1.9213765699999998,1.8029762762000001
[Cd].c1cc(nc(c1)n1cnnc1)n1cnnc1,2,0.02760198800000002,0.1087247167999994
[Cd].c1ncn(c1)Cc1cc(Cn2cncc2)c(cc1Cn1cncc1)Cn1cncc1,3,0.188882569,0.04222067129999996
[Cd].c1ncn(c1)Cc1cc(cc(c1)Cn1cncc1)Cn1cncc1,2,0.23822141899999938,0.5327301967000002
[Cd].c1ncn(c1)Cc1ccc(cc1)Cn1cncc1,2,0.055630168000000424,0.00813102360000073
[Cd].c1ncn(c1)c1cc(cc(c1)n1cncc1)n1cncc1,5,5.275577538,5.164281091800001
[Cd].c1ncn(c1)c1ccc(cc1)N(c1ccc(cc1)n1cncc1)c1ccc(cc1)n1cncc1,2,1.0310542849999997,3.028891013800001
[Cd].n1ccc(cc1)Nc1ccncc1,2,0.901863552,0.9461655328000003
[Cd].n1ccc(cc1)c1ccc(cc1)c1ccccn1,2,0.21379290399999995,0.4785874556000005
[Cd].n1ncn(c1)n1cnnc1,3,1.7858910409999997,3.1281894948
[Cd][OH2][Cd].[O-]C(=O)c1cc(Br)cnc1,3,0.16048400900000004,0.0932014644000001
[Ce].[O-]C(=O)c1ccc(cc1)C(=O)[O-],2,1.6052131799999998,3.2382846547999993
[Ce].[O-]C(=O)c1ccc(cc1)C=Nc1cc(cc(c1)C(=O)[O-])C(=O)[O-],2,2.795608741,4.173616408799999
[Ce].[O-]C(=O)c1ccc(cc1)N=Nc1ccc(cc1)C(=O)[O-],2,2.609106258,0.8353146466000005
[Ce].[O-]C(=O)c1ccc(cc1)c1cc(cc(c1)C(=O)[O-])C(=O)[O-],2,0.0728609579999997,0.7020003541000008
[Ce].[O-]C(=O)c1cccc(n1)C(=O)[O-],4,1.4320812430000007,0.6940462982000017
[Co].[Co]1[OH2][Co][OH2]1.[O-]C(=O)C1C(C(=O)[O-])C(C(=O)[O-])C(C(C1C(=O)[O-])C(=O)[O-])C(=O)[O-],2,0.04334133299999987,0.020577886399999912
[Co].[Co]O[Co].[O-]C(=O)c1cc(cc(c1)C(=O)[O-])C(=O)[O-],2,0.23181323600000026,1.1089592558000003
[Co].[Co]O[Co].[O-]C(=O)c1ccncc1,4,0.8177262269999999,1.0413833702999993
[Co].[Dy].[O-]C(=O)c1cccc(n1)C(=O)[O-],2,0.1050350630000001,0.12966790250000004
[Co].[Eu].[O-]C(=O)c1cccc(n1)C(=O)[O-],2,0.06883568200000001,0.0354351902000003
[Co].[Hg].[S]C#N,2,1.1325888000000002,0.25630639360000007
[Co].[Na].[O-]C(=O)c1cccc(c1)C(=O)[O-],2,0.2654188959999999,2.3091257632
[Co].[O-]C(=O)C(=O)[O-],2,3.6438074300000003,1.729952270900001
[Co].[O-]C(=O)C(=O)[O-].n1ccc(cc1)c1ccncc1,2,0.014845686000000025,0.16493353179999914
[Co].[O-]C(=O)C([O])C.[O-]C(=O)c1ccc(cc1)c1ccncc1,4,0.026665855000000016,0.14322157899999954
[Co].[O-]C(=O)C1=C([N]C=N1)C(=O)[O-].n1ccc(cc1)c1ccncc1,2,0.2856432270000002,0.11213120820000011
[Co].[O-]C(=O)C1=CC2=NN=NC2=C[CH]1.[O-]C(=O)C1=CC2=NN=N[C]2C=C1.[O-]C(=O)C1=CC=C2C(=NN=N2)[CH]1.[OH],2,0.33575645600000015,0.6766549666000001
[Co].[O-]C(=O)C1=CC2=NN=NC2=C[CH]1.[O-]C(=O)C1=CC=C2C(=NN=N2)[CH]1.[O-]C(=O)C1=C[CH]C2=NN=NC2=C1.[O-]C(=O)C1=C[C]2C(=NN=N2)C=C1.[O-]C(=O)c1ccc2=N[N]N=c2c1.[OH],7,0.49685634499999987,0.7149474404999987
[Co].[O-]C(=O)C1=CC2=NN=N[C]2C=C1.[O-]C(=O)C1=C[CH]C2=NN=NC2=C1.[O-]C(=O)c1ccc2=N[N]N=c2c1.[OH],3,0.07863551599999985,0.19916481070000103
[Co].[O-]C(=O)C1=CN=C[N]1.[O-]C(=O)[C]1C=NC=N1,2,1.060146699,1.0981775027999996
[Co].[O-]C(=O)C1CC(C(C1C(=O)[O-])C(=O)[O-])C(=O)[O-].n1ccc(cc1)C=Cc1ccncc1,2,0.071187538,0.24987374090000003
[Co].[O-]C(=O)C=CC=CC(=O)[O-].n1ccc(cc1)C=Cc1ccncc1,2,0.6377563770000001,0.7151428101999997
[Co].[O-]C(=O)CC(C(=O)[O-])N.n1ccc(cc1)c1ccncc1,2,0.1660422399999999,0.3800179843000002
[Co].[O-]C(=O)CC(C(=O)[O-])[O].[O-]C(=O)c1ccncc1,8,0.28754892200000004,0.22344466569999977
[Co].[O-]C(=O)CN(Cc1cc(cc(c1)C(=O)[O-])C(=O)[O-])CC(=O)[O-].n1ccc(cc1)C=Cc1ccncc1,3,0.07277418099999977,0.07922005030000001
[Co].[O-]C(=O)c1cc(C(=O)[O-])c(cc1C(=O)[O-])C(=O)[O-],8,5.020588894,3.9110567130999994
[Co].[O-]C(=O)c1cc(C(=O)[O-])c(cc1C(=O)[O-])C(=O)[O-].n1ccc(cc1)c1ccncc1,2,2.202211434,2.2453453387
[Co].[O-]C(=O)c1cc(C(=O)[O-])c(cc1[O])[O],9,1.230615101,0.3825955075999996
[Co].[O-]C(=O)c1cc(Oc2cc(cc(c2)C(=O)[O-])C(=O)[O-])cc(c1)C(=O)[O-],2,1.7737069920000001,0.8315619888000008
[Co].[O-]C(=O)c1cc([O])c(cc1[O])C(=O)[O-],12,3.628561894,4.146073253799999
[Co].[O-]C(=O)c1cc(cc(c1)C(=O)[O-])C(=O)[O-],9,6.610381413,3.4699964823
[Co].[O-]C(=O)c1cc(cc(c1)c1ccncc1)C(=O)[O-],3,0.6274123520000001,4.4934533192
[Co].[O-]C(=O)c1cc(cc(c1)n1cnc2c1cccc2)n1cnc2c1cccc2,5,0.4701948119999999,0.39231980770000074
[Co].[O-]C(=O)c1ccc(cc1)C(=O)[O-],2,1.2434915370000001,0.059187832100000115
[Co].[O-]C(=O)c1ccc(cc1)C(=O)[O-].[O-][n+]1ccc(cc1)c1cc[n+](cc1)[O-],2,0.5239437900000001,0.7742702633
[Co].[O-]C(=O)c1ccc(cc1)Oc1ccc(cc1)C(=O)[O-].n1ccc(cc1)OCC(COc1ccncc1)(COc1ccncc1)COc1ccncc1,2,0.059710366000000015,0.019876317900000107
[Co].[O-]C(=O)c1ccc(cc1)Oc1ccc(cc1)C(=O)[O-].n1ccc(cc1)c1ccncc1,2,0.17311500499999988,1.1963817337999991
[Co].[O-]C(=O)c1ccc(cc1)S(=O)(=O)c1ccc(cc1)C(=O)[O-],5,1.045709291,1.1282149630000005
[Co].[O-]C(=O)c1ccc(cc1)[Si](c1ccc(cc1)C(=O)[O-])(c1ccc(cc1)C(=O)[O-])c1ccc(cc1)C(=O)[O-],3,1.7456228940000003,4.2394546278
[Co].[O-]C(=O)c1ccc(cc1)c1cc(cc(c1)C(=O)[O-])C(=O)[O-].c1ncn(c1)c1cc(cc(c1)n1cncc1)n1cncc1,2,0.004196187999999879,0.0022162628000002016
[Co].[O-]C(=O)c1ccc(cc1)c1cc(cc(c1)c1ccc(cc1)C(=O)[O-])c1ccc(cc1)C(=O)[O-],2,0.6267719849999999,5.1798770228999995
[Co].[O-]C(=O)c1ccc(cc1)c1ccncc1,6,2.6152865199999997,4.1232048404
[Co].[O-]C(=O)c1ccc(cc1)c1cncc(c1)C(=O)[O-],2,0.03343428900000056,0.36361543190000134
[Co].[O-]C(=O)c1ccc2c(c1)ccc(c2)C(=O)[O-],5,1.5155118930000002,4.023038952599999
[Co].[O-]C(=O)c1cccc(c1)C(=O)[O-],3,0.4613589819999999,2.7950917534000004
[Co].[O-]C(=O)c1cccc(n1)C(=O)[O-].[Pr],2,0.15466784299999992,0.1758773133
[Co].[O-]C(=O)c1ccnc(c1)C(=O)[O-].[OH],4,0.9817315719999999,0.11471454520000002
[Co].[O-]C(=O)c1ccnc(c1)C(=O)[O-].[OH].[O],2,1.019634979,0.12677388739999973
[Co].[O-]C(=O)c1ccncc1,5,0.988581714,2.655452297200001
[Co].[O-]C=O,14,0.633060665,2.5510629538000003
[Co].[O-]C=O.n1ccc(cc1)c1ccncc1,3,0.40317878699999987,0.19632970400000005
[Co].[O-][n+]1ccc(cc1)c1cc[n+](cc1)[O-],3,0.02849919599999995,0.2377572750999999
[Co].[O]N1[CH]C=C(C=C1)C1=C[CH]N(C=C1)[O],2,0.05918202800000005,0.26182905479999796
[Co].c1ncn(c1)Cc1ccc(cc1)Cn1cncc1,5,1.174557074,20.9386085366
[Co].c1ncn(c1)c1ccc(cc1)n1cncc1,3,2.984137916,4.7611755807
[Co].c1ncn(c1)c1ccc(nn1)n1cncc1,2,0.035626878999999945,0.32072622429999953
[Co].n1cc([nH]c1)c1ccc(cc1)c1[nH]cnc1,2,0.09574402199999998,0.4513214682000002
[Co].n1ccc(cc1)C1=NC(=[N]=C([N]1)c1ccncc1)c1ccncc1,2,2.157422266,7.376241996700001
[Co].n1ccc(cc1)C1=NN=C([N]1)c1ccccn1,2,0.9587593130000001,0.12173696630000119
[Co].n1ccc(cc1)Nc1ccncc1,2,1.0363534460000001,1.5593591531
[Co][Co].[O-]C(=O)C.[O-]C(=O)C1CCC(C1(C)C)(C)C(=O)[O-],2,0.07803468599999985,0.03281740909999975
[Co][Co].[O-]C(=O)c1ccc(cc1)c1cc(cc(c1)c1ccc(cc1)C(=O)[O-])c1ccc(cc1)C(=O)[O-].n1ccc(cc1)c1ccncc1,2,0.026406386000000004,1.4240531532999974
[Co][Co].[O-]C(=O)c1ccc2c(c1)ccc(c2)C(=O)[O-].n1ccc(cc1)C=Cc1ccncc1,2,0.790289449,1.6557812168
[Co][OH2][Co].[O-]C(=O)C1OC(C(C1C(=O)[O-])C(=O)[O-])C(=O)[O-],3,0.04920171299999998,0.009187371599999938
[Co][OH2][Co].[O-]C(=O)c1cccnc1,2,0.004262631000000017,0.42546512950000004
[Co][OH2][Co].[O-]C(=O)c1ccncc1,7,0.09992042599999995,0.8949956122999989
[Co][OH]([Co])[Co].[O-]C(=O)c1cccc(c1)C(=O)[O-],3,2.7585224539999995,3.7164349955
[Co][O]([Co])[Co].[O-]C(=O)c1ccc(cc1)c1cc(cc(c1)c1ccc(cc1)C(=O)[O-])c1ccc(cc1)C(=O)[O-],6,0.27459259199999986,0.5611021488999999
[Co][O]([Co][O]([Co])[Co])[Co].[O-]C(=O)c1ccc(cc1)C#Cc1cc(C#Cc2ccc(cc2)C(=O)[O-])cc(c1)C#Cc1ccc(cc1)C(=O)[O-],2,0.15495929799999997,0.5989686423999991
[Co][O]([Zn])[Co].[O-]C(=O)c1cc(cc(c1)C(=O)[O-])C(=O)[O-],2,0.160460347,0.11041772460000043
[Co][O]([Zn])[Zn].[O-]C(=O)c1cc(cc(c1)C(=O)[O-])C(=O)[O-],3,3.1781495360000003,1.0454041967000007
[Co][O]1[Co][O]([Co]1)[Co].[O-]C(=O)c1cc(ccc1C(=O)[O-])c1ccc(c(c1)C(=O)[O-])C(=O)[O-],4,0.17821762200000002,0.013539298700000035
[Cr].[Mn].[O-]C(=O)C(=O)[O-],13,1.382292627,7.985949435099999
[Cr].[O-]C(=O)C1=[C][C]=C([C]=[C]1)C(=O)[O-].[O],2,0.001283364000000009,0.0032472293999994406
[Cr].[O-]C(=O)c1ccc(cc1)C(=O)[O-].[OH],3,0.04461915900000002,1.7480361505000008
[Cr].[O-]C(=O)c1ccc(cc1)C(=O)[O-].[O],3,0.05831232999999991,1.6464214901999998
[Cr][O]([Cr])[Cr].[O-]C(=O)C1=[C][C]=C([C]=[C]1)C(=O)[O-],2,1.7978240120000002,7.7052750558000005
[Cr][O]([Cr])[Cr].[O-]C(=O)C1=[C][C]=C([C]=[C]1)C1=[C][C]=C([C]=[C]1)C(=O)[O-],2,1.153737836,6.958853635400001
[Cr][O]([Cr])[Cr].[O-]C(=O)c1ccc(cc1)C(=O)[O-],2,0.028172810999999964,0.24830019620000066
[Cu].[Cu]1[Cu][Cu][Cu][Cu][Cu][Cu][Cu]1.[I].[O-]C(=O)c1cnccn1,2,0.014211506999999957,0.10058631979999999
[Cu].[Cu][Cu].[O-]C(=O)CCn1c(=O)n(CCC(=O)[O-])c(=O)n(c1=O)CCC(=O)[O-],2,0.488553296,5.7337804200999996
[Cu].[Cu][Cu].[O-]C(=O)c1cc(C(=O)[O-])c(cc1C(=O)[O-])C(=O)[O-],2,0.1616508670000001,0.22143012570000042
[Cu].[Cu][Cu].[O-]C(=O)c1cccc(c1)n1c(C)nnc1c1ccc(s1)c1nnc(n1c1cccc(c1)C(=O)[O-])C,2,0.026918008999999965,0.0772044729000001
[Cu].[Cu][Cu].[O]P(=O)(c1ccncc1)[O],2,0.045964691,0.18316308979999996
[Cu].[Cu][Cu].[S]C#N,2,0.011842984,0.0019703738000003135
[Cu].[Er].[O-]C(=O)CNCC(=O)[O-],2,0.011478087000000026,0.00368484719999973
[Cu].[Eu].[O-]C(=O)CNCC(=O)[O-],2,0.002697357999999983,0.016041044100000068
[Cu].[Gd].[O-]C(=O)CNCC(=O)[O-],2,0.008187111999999996,0.0005505386999997697
[Cu].[Gd].[O-]C(=O)COCC(=O)[O-],2,0.005101406000000003,0.1766481984999997
[Cu].[Ho].[O-]C(=O)CNCC(=O)[O-],2,0.029798476000000018,0.014079944900000196
[Cu].[La].[O-]C(=O)CNCC(=O)[O-],8,0.043832360000000015,0.02191949979999963
[Cu].[La].[O-]C(=O)c1cc(C(=O)[O-])c(cc1C(=O)[O-])C(=O)[O-],2,0.2992928490000004,0.7744416580999993
[Cu].[N]([CH]c1ccncc1)[N][CH]c1ccncc1,2,0.012697579000000125,0.036984389800000184
[Cu].[N]1C=NN=C1,3,1.305890408,6.760703140799999
[Cu].[N][N][N].n1ccc(cc1)C1=NN=N[N]1,2,0.13325667399999996,0.08614146700000092
[Cu].[N][N][N].n1ccc(cc1)C1=NN=N[N]1.n1ccc(cc1)C1=N[N]N=N1,8,0.23244811499999996,1.0954776641999997
[Cu].[Nd].[O-]C(=O)CNCC(=O)[O-],3,0.025108224999999984,0.020049268599999337
[Cu].[Nd].[O-]C(=O)c1cc(C(=O)[O-])c(cc1C(=O)[O-])C(=O)[O-],2,0.39376072399999984,0.5692265127999998
[Cu].[O-]C(=O)C(=O)[O-],18,0.005536567999999992,0.43228772029999973
[Cu].[O-]C(=O)C1=C(C)[N]N=C1C.[O-]C(=O)[C]1C(=NN=C1C)C,5,2.1945757610000003,9.271440355900001
[Cu].[O-]C(=O)C1=CC=C([C]=C1)C1=[C]C=C(C=C1)C(=O)[O-].[O-]C(=O)C1=CC=C([C]=C1)c1ccc(cc1N(=O)=O)C(=O)[O-].[O-]C(=O)C1=C[C]=C(C=C1)C1=[C]C=C(C=C1)C(=O)[O-].[O-]C(=O)C1=C[C]=C(C=C1)c1ccc(cc1N(=O)=O)C(=O)[O-].[OH],3,0.012592641000000016,0.010180290000000092
[Cu].[O-]C(=O)C1C(C(=O)[O-])C(C(=O)[O-])C(C(C1C(=O)[O-])C(=O)O)C(=O)[O-],2,0.07951271000000004,0.004568837500000034
[Cu].[O-]C(=O)C1C(C(=O)[O-])C(C1C(=O)[O-])C(=O)[O-],2,0.48517761600000003,0.2593162390999999
[Cu].[O-]C(=O)C=CC=CC(=O)[O-],5,0.28034689700000004,0.4456838163999999
[Cu].[O-]C(=O)CC(=O)[O-],2,0.2617506630000004,0.039177676800000505
[Cu].[O-]C(=O)CN1[CH]N=C[N]1.[O-]C(=O)Cn1cncn1,2,0.04399810500000001,0.1956556422000002
[Cu].[O-]C(=O)CN=Cc1ccccc1[O],2,0.00970247599999996,0.012075442400000025
[Cu].[O-]C(=O)CNCC(=O)[O-].[Sm],3,0.045708935000000006,0.030229891299999867
[Cu].[O-]C(=O)CNCC(=O)[O-].[Tb],2,0.017477332999999984,0.026707202399999908
[Cu].[O-]C(=O)[O-],7,1.591747672,3.8404222421000003
[Cu].[O-]C(=O)c1cc(C(=O)[O-])c(cc1C(=O)[O-])C(=O)[O-].[Sm],2,0.40893727,0.5851377451000004
[Cu].[O-]C(=O)c1cc(C(=O)[O-])c(cc1C(=O)[O-])C(=O)[O-].[U],2,0.05984226299999973,0.015116336100000183
[Cu].[O-]C(=O)c1cc([O])c(cc1[O])C(=O)[O-],6,0.22543101399999999,0.1615622445999998
[Cu].[O-]C(=O)c1cc(cc(c1)c1ccncc1)C(=O)[O-],2,0.647634259,15.6480081914
[Cu].[O-]C(=O)c1cc(cc(c1)n1cncc1)n1cncc1,2,0.0003618290000000357,0.20838108320000082
[Cu].[O-]C(=O)c1ccc(cc1)C=Cc1ccncc1.[O-]C(=O)c1nc(C(=O)[O-])c(cc1C(=O)[O-])C(=O)[O-],2,0.003310510999999988,1.6515244787999999
[Cu].[O-]C(=O)c1ccc(cc1)N1[N]C=N[CH]1.[O-]C(=O)c1ccc(cc1)n1ncnc1,3,0.06820475199999998,0.07350616299999979
[Cu].[O-]C(=O)c1ccc(cn1)C(=O)[O-].n1ccc(cc1)CCc1ccncc1,2,0.3799906820000001,2.2108748547999997
[Cu].[O-]C(=O)c1cccnc1,2,0.0090842069999999,0.07690493029999956
[Cu].[O-]C(=O)c1ccncc1,11,2.068427625,4.5081097564
[Cu].[O-]C(=O)c1cncc(c1)C(=O)[O-],2,0.04663642899999987,1.3345986584000005
[Cu].[O-]C(=O)c1cnccc1C(=O)[O-],2,2.5029034479999996,0.11017497060000014
[Cu].[O-]C(=O)c1cnccn1,2,0.015380930999999931,0.02607986050000033
[Cu].[O-]C(=O)c1cncnc1,2,0.13538292100000004,0.7360690615000003
[Cu].[O-]C(=O)c1csc(n1)c1ccncc1,2,0.011239219000000022,0.0010109583999997618
[Cu].[O-]C=O,13,5.173125034,3.0551671709000003
[Cu].[O].[O][Si]([O])([O])[O].[W].c1ncn(c1)c1ccc(cc1)n1cncc1,2,0.02575575300000002,0.0073245397999999184
[Cu].[O]N(C(C)(C)C)c1cccc(c1)c1cncnc1,2,0.8103689190000001,0.5632974858000002
[Cu].c1ncn(c1)c1ccc(cc1)n1cncc1,2,2.749705413,3.294370997999999
[Cu].n1ccc(cc1)C#Cc1ccncc1,2,1.8456276,3.734208959399999
[Cu].n1ccc(cc1)C1=NC(=[N]=C([N]1)c1ccncc1)c1ccncc1,2,0.30728283700000003,6.6979893689
[Cu].n1ccc(cc1)C1=NN=N[N]1,2,0.42060979099999996,0.34645560500000006
[Cu].n1ccc(cc1)C=Cc1ccncc1,4,0.5347703579999998,3.2686006835
[Cu].n1ccc(cc1)CCc1ccncc1,3,3.830018923,8.008479231599999
[Cu].n1ccc(cc1)[N][N]c1ccncc1,2,0.10431463299999999,0.10014016700000017
[Cu].n1ccc(cc1)c1cc(cc(c1)c1ccncc1)c1ccncc1,3,0.04383310499999998,0.1685503720000021
[Cu].n1ccc(cc1)c1cc(nc(c1)c1ccncc1)c1ccncc1,3,0.04026639799999998,0.9395369067999999
[Cu].n1ccc(cc1)c1ccncc1,21,2.099302533,20.7290835658
[Cu].n1ccc(cc1)c1nnc(o1)c1ccncc1,2,1.0672543019999998,4.592497468099999
[Cu].n1ccncc1,20,2.699542404,12.6144437817
[Cu].n1ncc([nH]1)c1ccc(cc1)c1cnn[nH]1,3,2.3358925650000004,6.583980603900001
[Cu].n1ncn(c1)[N][N]n1cnnc1,5,0.37332511999999995,7.5644267377
[Cu].n1ncn(c1)n1cnnc1,3,1.678309698,3.724177838300001
[Cu]12[S]3[Mo]4562[S]1[Cu]5[S]6[Cu]34.n1ccc(cc1)c1ccncc1,2,0.24737973899999988,0.461842174700001
[Cu]O[Cu].[O-]C(=O)c1cc(cc(c1)C(=O)[O-])C(=O)[O-],2,0.29320188500000005,4.119812594000001
[Cu][Cu].[Cu][OH]([Cu])[Cu].[O-]C(=O)c1cc(cc(c1)n1cnnc1)C(=O)[O-],2,0.01351520000000006,0.7151647466999993
[Cu][Cu].[N]([CH]c1ccncc1)[N][CH]c1ccncc1.[O-]C(=O)CCCC(=O)[O-],3,0.010329646999999997,0.07619276509999962
[Cu][Cu].[O-]C(=O)C12CC3(CC(C2)(CC(C1)(C3)C(=O)[O-])C(=O)[O-])C(=O)[O-],2,0.16634898399999987,0.18598553669999962
[Cu][Cu].[O-]C(=O)C1=C[C]=CC(=C1)C(=O)[O-],37,1.732568025,18.0224744064
[Cu][Cu].[O-]C(=O)C1=[C]C(=[C]C(=[C]1)C(=O)[O-])C(=O)[O-],4,0.06561817000000003,0.13309414799999963
[Cu][Cu].[O-]C(=O)C1=[C][C]=[C]C(=[C]1)C(=O)[O-],2,0.033518643999999986,6.850929453599999
[Cu][Cu].[O-]C(=O)CCCC(=O)[O-].n1ccc(cc1)C=Cc1ccncc1,2,0.05775822799999997,0.0734661312
[Cu][Cu].[O-]C(=O)CCCC(=O)[O-].n1ccc(cc1)CCc1ccncc1,4,0.5034311949999999,1.3974620164
[Cu][Cu].[O-]C(=O)CCCC(=O)[O-].n1ccc(cc1)c1ccncc1,2,0.031581788,0.004699701299999859
[Cu][Cu].[O-]C(=O)c1cc(C#CC#Cc2cc(cc(c2)C(=O)[O-])C(=O)[O-])cc(c1)C(=O)[O-],2,0.06337268400000001,0.3597538936999989
[Cu][Cu].[O-]C(=O)c1cc(C#Cc2cc(C#Cc3cc(cc(c3)C(=O)[O-])C(=O)[O-])cc(c2)C#Cc2cc(cc(c2)C(=O)[O-])C(=O)[O-])cc(c1)C(=O)[O-],2,0.03634316500000001,0.07168510700000041
[Cu][Cu].[O-]C(=O)c1cc(C#Cc2cc(cc(c2)C(=O)[O-])C(=O)[O-])cc(c1)C(=O)[O-],2,0.012386655999999996,0.1809376964000009
[Cu][Cu].[O-]C(=O)c1cc(C#Cc2ccc(cc2)C#Cc2cc(C#Cc3ccc(cc3)C#Cc3cc(cc(c3)C(=O)[O-])C(=O)[O-])cc(c2)C#Cc2ccc(cc2)C#Cc2cc(cc(c2)C(=O)[O-])C(=O)[O-])cc(c1)C(=O)[O-],2,0.029890044000000004,0.3132689506999995
[Cu][Cu].[O-]C(=O)c1cc(C#Cc2ccc(cc2)c2cc(cc(c2)c2ccc(cc2)C#Cc2cc(cc(c2)C(=O)[O-])C(=O)[O-])c2ccc(cc2)C#Cc2cc(cc(c2)C(=O)[O-])C(=O)[O-])cc(c1)C(=O)[O-],2,0.07773109700000003,1.0191828266999998
[Cu][Cu].[O-]C(=O)c1cc(C#Cc2cncc(c2)C#Cc2cc(cc(c2)C(=O)[O-])C(=O)[O-])cc(c1)C(=O)[O-],2,0.012469013000000029,0.011534377800000328
[Cu][Cu].[O-]C(=O)c1cc(Cc2cc(cc(c2)C(=O)[O-])C(=O)[O-])cc(c1)C(=O)[O-],2,0.217969855,0.9122503140000013
[Cu][Cu].[O-]C(=O)c1cc(NC2=NC(=[N]=C([N]2)Nc2cc(cc(c2)C(=O)[O-])C(=O)[O-])Nc2cc(cc(c2)C(=O)[O-])C(=O)[O-])cc(c1)C(=O)[O-],2,0.023390456000000004,0.2576095668999976
[Cu][Cu].[O-]C(=O)c1cc(OCC(COc2cc(cc(c2)C(=O)[O-])C(=O)[O-])(COc2cc(cc(c2)C(=O)[O-])C(=O)[O-])COc2cc(cc(c2)C(=O)[O-])C(=O)[O-])cc(c1)C(=O)[O-],3,0.04629860100000005,0.23215888100000015
[Cu][Cu].[O-]C(=O)c1cc([N][N]c2cc(cc(c2)C(=O)[O-])C(=O)[O-])cc(c1)C(=O)[O-],2,0.015395302999999971,0.0639437823999991
[Cu][Cu].[O-]C(=O)c1cc(cc(c1)C(=O)[O-])C(=O)[O-],35,0.30457896900000003,0.6164942017000001
[Cu][Cu].[O-]C(=O)c1cc(cc(c1)C(=O)[O-])N(Cc1ccc(cc1)C(=O)[O-])Cc1ccc(cc1)C(=O)[O-],2,1.2302956580000002,4.683159815300002
[Cu][Cu].[O-]C(=O)c1cc(cc(c1)C(=O)[O-])N1C(=O)c2ccc3c4c2c(C1=O)ccc4C(=O)N(C3=O)c1cc(cc(c1)C(=O)[O-])C(=O)[O-],2,0.15638795800000005,0.07828689429999969
[Cu][Cu].[O-]C(=O)c1cc(cc(c1)C(=O)[O-])N1C=CN([CH]1)c1cc(cc(c1)C(=O)[O-])C(=O)[O-],2,0.10216067100000004,0.34858346759999925
[Cu][Cu].[O-]C(=O)c1cc(cc(c1)C(=O)[O-])c1cc(cc(c1)c1ccc(cc1)C(=O)[O-])c1ccc(cc1)C(=O)[O-],2,0.08372569600000002,0.1151133705999996
[Cu][Cu].[O-]C(=O)c1cc(cc(c1)C(=O)[O-])c1cc(nc(c1)c1ccc(cc1)C(=O)[O-])c1ccc(cc1)C(=O)[O-],2,0.007703744999999984,0.17580294540000097
[Cu][Cu].[O-]C(=O)c1cc(cc(c1)C(=O)[O-])n1nnc(c1)c1cc(cc(c1)c1nnn(c1)c1cc(cc(c1)C(=O)[O-])C(=O)[O-])c1nnn(c1)c1cc(cc(c1)C(=O)[O-])C(=O)[O-],2,0.03239286600000002,0.07881973539999976
[Cu][Cu].[O-]C(=O)c1cc(cc(c1)N1Cc2c(C1=O)cccc2)C(=O)[O-],2,0.20811480999999998,0.0026845406999997934
[Cu][Cu].[O-]C(=O)c1ccc(cc1)C#Cc1cc(C#Cc2ccc(cc2)C(=O)[O-])cc(c1)C#Cc1ccc(cc1)C(=O)[O-],5,0.12334334900000002,12.1186395951
[Cu][Cu].[O-]C(=O)c1ccc(cc1)C#Cc1cc(C#Cc2ccc(cc2)C(=O)[O-])cc(c1)C#Cc1ccc(cc1)C(=O)[O-].n1ccc(cc1)c1ccncc1,2,0.18874757399999997,9.730696286700002
[Cu][Cu].[O-]C(=O)c1ccc(cc1)C(=O)[O-].n1ccc(cc1)c1ccncc1,3,0.05272267099999994,1.1211954239999997
[Cu][Cu].[O-]C(=O)c1ccc(cc1)C1=NC(=[N]=C([N]1)c1ccc(cc1)C(=O)[O-])c1ccc(cc1)C(=O)[O-],2,0.165194663,7.118946067899998
[Cu][Cu].[O-]C(=O)c1ccc(cc1)N(c1ccc(cc1)C(=O)[O-])c1ccc(cc1)N(c1ccc(cc1)C(=O)[O-])c1ccc(cc1)C(=O)[O-],2,0.004013704000000007,0.13661522569999818
[Cu][Cu].[O-]C(=O)c1ccc(cc1)N(c1ccc(cc1)C(=O)[O-])c1ccc(cc1)c1ccc(cc1)N(c1ccc(cc1)C(=O)[O-])c1ccc(cc1)C(=O)[O-],2,0.015305234000000001,0.4584349909000025
[Cu][Cu].[O-]C(=O)c1ccc(cc1)N(c1ccc(cc1)C(=O)[O-])c1cccc(c1)N(c1ccc(cc1)C(=O)[O-])c1ccc(cc1)C(=O)[O-],3,0.034210138,3.7518602224999995
[Cu][Cu].[O-]C(=O)c1ccc(cc1)OCC(COc1ccc(cc1)C(=O)[O-])(COc1ccc(cc1)C(=O)[O-])COc1ccc(cc1)C(=O)[O-],2,2.7193446359999998,8.460381111200002
[Cu][Cu].[O-]C(=O)c1ccc(cc1)Oc1ccc(cc1)C(=O)[O-],3,0.26746882399999994,0.17513182860000143
[Cu][Cu].[O-]C(=O)c1ccc(cc1)c1cc(cc(c1)c1ccc(cc1)C(=O)[O-])c1cc(cc(c1)c1ccc(cc1)C(=O)[O-])c1ccc(cc1)C(=O)[O-],2,0.670680327,8.8661420004
[Cu][Cu].[O-]C(=O)c1ccc(cc1)c1cc(cc(c1)c1ccc(cc1)C(=O)[O-])c1ccc(cc1)C(=O)[O-],16,0.737659129,11.837203876699999
[Cu][Cu].[O-]C(=O)c1ccc(cc1)c1cc(cc(c1)c1ccc(cc1)C(=O)[O-])c1ccc(cc1)C(=O)[O-].n1ccc(cc1)c1ccncc1,2,0.014451363999999994,1.3009894152999983
[Cu][Cu].[O-]C(=O)c1ccc(cc1)c1ccc(cc1)N(c1ccc(cc1)c1ccc(cc1)C(=O)[O-])c1ccc(cc1)c1ccc(cc1)C(=O)[O-],2,0.0046610960000000035,2.767342793400001
[Cu][Cu].[O-]C(=O)c1ccc(cc1)c1cccc(c1)C(=O)[O-],2,0.14530277400000002,4.2167776212
[Cu][Cu].[O-]C(=O)c1ccc(cc1)n1nnc(c1)c1ccc(cc1)C(c1ccc(cc1)c1nnn(c1)c1ccc(cc1)C(=O)[O-])(c1ccc(cc1)c1nnn(c1)c1ccc(cc1)C(=O)[O-])c1ccc(cc1)c1nnn(c1)c1ccc(cc1)C(=O)[O-],2,0.27773792899999994,10.544735315200002
[Cu][Cu].[O-]C(=O)c1ccc2c(c1)c1cc(ccc1n2c1ccc(cc1)c1ccc(cc1)n1c2ccc(cc2c2c1ccc(c2)C(=O)[O-])C(=O)[O-])C(=O)[O-],3,0.27205201700000003,8.416088567200001
[Cu][Cu].[S]C#N,2,0.21710216299999996,0.08593441640000021
[Cu][OH]([Cu])[Cu].[O-]C(=O)CCC(=O)[O-],2,0.057837505999999816,0.3496563609000001
[Cu][OH]([Cu])[Cu].n1ccc(cc1)c1ccncc1,2,0.3518046429999999,3.1291129192000007
[Cu][OH]1[Cu][OH]([Cu]1)[Cu].[O-]C(=O)Cc1ccc(cc1)CC(=O)[O-].c1cc(cc(c1)Cn1cnnc1)Cn1cnnc1,2,0.056046298999999966,0.513201253900001
[Cu][OH]1[Cu][OH]([Cu]1)[Cu].[O-]C(=O)c1cc(cc(c1)S([O])([O])[O])C(=O)[O-],2,0.24916955600000013,5.0277355741
[Cu][O]([Cu])[Cu].c1ccc(cn1)n1cnnc1,2,0.05157982,0.08731570880000028
[Cu][O]1[Cu][O]([Cu]1)[Cu].[O-]C(=O)c1cc(cc(c1)S([O])([O])[O])C(=O)[O-],24,1.269506056,5.1220190164
[Dy].[O-]C(=O)C(=O)[O-],3,0.01085209499999995,0.007557012799999541
[Dy].[O-]C(=O)C1=C([N]C=N1)C(=O)[O-].[O-]C(=O)C1=NC=N[C]1C(=O)[O-],2,0.02153000999999999,0.007372522499999867
[Dy].[O-]C(=O)c1cc(cc(c1)C(=O)[O-])C(=O)[O-],3,2.719099512,2.3945212087999987
[Dy].[O-]C(=O)c1cc(cc(n1)C(=O)[O-])c1cc(nc(c1)C(=O)[O-])C(=O)[O-],2,0.027236181000000137,0.02320352010000004
[Dy].[O-]C(=O)c1ccc(cc1)C(=O)[O-],3,1.9081447009999994,3.6508236139
[Dy].[O-]C(=O)c1ccc(cc1)Oc1ccc(cc1)C(=O)[O-],2,0.20323059100000007,0.9314837844000001
[Dy].[O-]C(=O)c1ccc(o1)C(=O)[O-],3,0.741504709,0.26870822489999924
[Dy].[O-]C(=O)c1ccc(s1)C(=O)[O-],2,1.456601157,0.02620451629999998
[Dy].[O-]C(=O)c1cccc(n1)C(=O)[O-],2,0.19010733300000004,0.13836227839999982
[Dy].[O-]C(=O)c1ccnc(c1)c1nccc(c1)C(=O)[O-],3,1.1986807930000003,1.573134519
[Dy].[O-]C=O,4,1.7276995880000001,1.1573733007
[Dy].[O-][n+]1ccc(cc1)C(=O)[O-],3,0.346499232,0.21202537580000014
[Er].[O-]C(=O)C(=O)[O-],2,0.244279986,1.8761732134000004
[Er].[O-]C(=O)C1CC(CC(C1)C(=O)[O-])C(=O)[O-],2,0.12000329100000018,4.087136216700001
[Er].[O-]C(=O)C=CC(=O)[O-],2,0.20823866600000018,0.06755641889999975
[Er].[O-]C(=O)c1cc(C(=O)[O-])c(cc1C(=O)[O-])C(=O)[O-],4,2.0029132399999994,1.1666969363000002
[Er].[O-]C(=O)c1cc(cc(c1)C(=O)[O-])C(=O)[O-],4,2.7822503969999994,2.4144985958000005
[Er].[O-]C(=O)c1ccc(c2c1c(ccc2C(=O)[O-])C(=O)[O-])C(=O)[O-],2,0.007825931000000175,0.13026937220000034
[Er].[O-]C(=O)c1ccc(cc1)C(=O)[O-],8,1.6364202129999998,2.7009864763
[Er].[O-]C=O,11,1.127476207,0.72568754
[Eu].[Eu][Eu].[O-]C(=O)c1ccc(cc1)C(=O)[O-],2,2.661601173,1.5095962739000002
[Eu].[Eu][Eu].[O-]C(=O)c1cccc(c1)C(=O)[O-],2,0.1943267099999999,0.13701138950000002
[Eu].[Eu][Tb].[O-]C(=O)c1ccc(cc1)c1cc(cc(c1)C(=O)[O-])C(=O)[O-].[Tb],3,0.07557073999999986,0.023698288800000356
[Eu].[O-]C(=O)C(=O)[O-],7,0.7785116819999998,2.0099152083000003
[Eu].[O-]C(=O)C(=O)[O-].[O-]C(=O)c1ncnc(c1)C(=O)[O-],2,0.3117186839999997,0.31375273299999984
[Eu].[O-]C(=O)C(Oc1cc(cc(c1)C(=O)[O-])OC(C(=O)[O-])C)C.[OH2][Eu],2,0.01625566799999989,0.05790662950000014
[Eu].[O-]C(=O)C1CCN(CC1)CP(=O)([O])[O],2,0.4094684620000004,0.09700907569999995
[Eu].[O-]C(=O)C[NH]1CCN2CC[NH](CC(=O)[O-])Cc3ccc(cc3)C[NH](CCN(CC[NH](Cc3ccc(C1)cc3)CC(=O)[O-])CC[NH](Cc1ccc(C[NH](CC2)CC(=O)[O-])cc1)CC(=O)[O-])CC(=O)[O-],2,0.03363762800000014,0.08844757710000017
[Eu].[O-]C(=O)c1cc([N])c(cc1[N])C(=O)[O-],6,2.769951651,3.973128832299999
[Eu].[O-]C(=O)c1cc(cc(c1)C(=O)[O-])C(=O)[O-],2,0.23208826000000027,0.08082452039999932
[Eu].[O-]C(=O)c1cc(cc(c1)C(=O)[O-])N(Cc1ccc(cc1)C(=O)[O-])Cc1ccc(cc1)C(=O)[O-],2,1.547822804,0.3926275182000012
[Eu].[O-]C(=O)c1ccc(c(c1)N(Cc1ccc(cc1)C(=O)[O-])Cc1ccc(cc1)C(=O)[O-])C(=O)O,3,0.6070224399999997,0.42602848820000006
[Eu].[O-]C(=O)c1ccc(cc1)C(=O)[O-],7,4.6774663510000005,5.0747741949
[Eu].[O-]C(=O)c1ccc(cc1)C=Nc1cc(cc(c1)C(=O)[O-])C(=O)[O-],4,2.309981973,3.6142824990999998
[Eu].[O-]C(=O)c1ccc(cc1)[CH][N]c1cc(cc(c1)C(=O)[O-])C(=O)[O-],2,0.8146560779999996,3.9772901648000003
[Eu].[O-]C(=O)c1ccc(cc1)c1cc(cc(c1)C(=O)[O-])C(=O)[O-],3,0.2766651730000005,0.5368966765000005
[Eu].[O-]C(=O)c1ccc(s1)C(=O)[O-],2,0.23635810000000013,0.18420808489999985
[Eu].[O-]C(=O)c1ccc2-c3c(S(=O)(=O)c2c1)cc(cc3)C(=O)[O-],2,0.03463371100000012,0.2995307534000009
[Eu].[O-]C(=O)c1cccc(c1)C(=O)[O-],2,0.10883284699999995,1.3014933947
[Eu].[O-]C(=O)c1cccc(n1)C(=O)[O-],5,1.0796229870000005,5.0237768767999995
[Eu].[O-]C(=O)c1ccnc(c1)c1nccc(c1)C(=O)[O-],4,1.825334727,6.634157032000001
[Eu].[O-]C=O,2,4.2278314539999995,0.16412992000000015
[Fe].[O-]C(=O)C(=O)[O-],2,0.076350572,4.5198257991999995
[Fe].[O-]C(=O)C(=O)[O-].[O]P(=O)(O)[O].[O]P(=O)([O])O,4,0.232295598,1.4040515404999998
[Fe].[O-]C(=O)C1=CC(=O)C(=CC1=O)C(=O)[O-],3,0.669905789,0.1604220238000007
[Fe].[O-]C(=O)[C]1[CH]C(=O)[C]([CH]C1=O)C(=O)[O-],3,0.5175645360000001,0.18310132560000003
[Fe].[O-]C(=O)c1cc([O])c(cc1[O])C(=O)[O-],14,4.833532739000001,4.385521639299999
[Fe].[O-]C(=O)c1cc(cc(c1)C(=O)[O-])c1cc(cc(c1)C(=O)[O-])C(=O)[O-].[OH],2,0.05135937899999998,0.0046529813999995895
[Fe].[O-]C(=O)c1ccc(cc1)C(=O)[O-].[OH],5,0.328233379,3.5882831383999996
[Fe].[O-]C(=O)c1ccc(cc1)C(=O)[O-].[O],5,1.0116725039999999,6.1184438024
[Fe].[O-]C=O,25,0.255514216,2.5533976036999997
[Fe].n1ccc(cc1)C1=NN=C([N]1)c1ccccn1,5,0.824974034,10.7999607817
[Fe].n1ccc(cc1)OCC(COc1ccncc1)(COc1ccncc1)COc1ccncc1,2,0.811919268,3.532966491
[Fe].n1ncn(c1)[N][N]n1cnnc1,5,0.5168563860000001,0.5842474874999999
[Fe].n1ncn(c1)n1cnnc1,3,0.37494231499999997,0.004771354799999905
[Fe][Fe].[O-]C(=O)c1cc(cc(c1)C(=O)[O-])C(=O)[O-],3,0.28518612500000007,0.16457342910000072
[Fe][O]([Fe])[Fe].[O-]C(=O)[C][C]C(=O)[O-],2,0.0017996220000000562,0.01678102720000041
[Fe][O]([Fe])[Fe].[O-]C(=O)c1c([N])c([N])c(c(c1[N])[N])C(=O)[O-],3,0.06801978499999972,1.2258754808999996
[Fe][O]([Fe])[Fe].[O-]C(=O)c1cc([N][N]c2cc(cc(c2)C(=O)[O-])C(=O)[O-])cc(c1)C(=O)[O-],3,0.030511516000000016,0.2680152433000007
[Fe][O]([Fe])[Fe].[O-]C(=O)c1ccc(cc1)C(=O)[O-],3,2.4111960860000003,3.3273790368
[Fe][O]([Fe])[Fe].[O-]C(=O)c1ccc(cc1)c1ccc(cc1)C(=O)[O-],2,0.031365120000000024,0.2451006994
[Ga].[O-]C(=O)C(=O)[O-].[O]P(=O)([O])[O],4,1.467251029,1.7064726067000002
[Ga].[O-]C(=O)c1cc(cc(c1)C(=O)[O-])C(=O)[O-],2,0.0029634649999999985,0.10419644549999951
[Ga].[O-]C(=O)c1cc(cc(c1)C(=O)[O-])c1cc(cc(c1)C(=O)[O-])C(=O)[O-].[OH],2,0.34397742100000084,0.13096416740000016
[Ga].[O-]C(=O)c1ccc(cc1)C(=O)[O-].[OH],3,0.952216414,0.11143201449999918
[Ga].[O-]C(=O)c1ccc(cc1)C(=O)[O-].[O],2,0.44790737599999986,1.3295837839999987
[Gd].[O-]C(=O)C(=O)[O-],4,0.23564083400000002,0.7340290398000002
[Gd].[O-]C(=O)C(=O)[O-].[O-]C(=O)C=CC(=O)[O-],2,0.14489335800000003,0.0700780390000002
[Gd].[O-]C(=O)C(=O)[O-].[O-]C(=O)c1ncnc(c1)C(=O)[O-],2,0.4913690850000001,0.32477088379999985
[Gd].[O-]C(=O)C1=C([N]C=N1)C(=O)[O-].[O-]C(=O)C1=NC=N[C]1C(=O)[O-],3,0.036207027000000114,0.051082236800000125
[Gd].[O-]C(=O)C1CCN(CC1)CP(=O)([O])[O],2,0.14362714100000007,0.10610317169999961
[Gd].[O-]C(=O)CCn1c(=O)n(CCC(=O)[O-])c(=O)n(c1=O)CCC(=O)[O-],2,1.2201963360000003,3.2464465752000002
[Gd].[O-]C(=O)COCC(=O)[O-].[Zn],2,0.003971112999999998,0.03277288030000003
[Gd].[O-]C(=O)c1cc(C(=O)[O-])c(cc1C(=O)[O-])C(=O)[O-],2,1.709196286,0.5996567623
[Gd].[O-]C(=O)c1cc(N(=O)=O)c(c(c1)N(=O)=O)c1c(cc(cc1N(=O)=O)C(=O)[O-])N(=O)=O,12,1.2751055569999998,3.5610559465000007
[Gd].[O-]C(=O)c1cc(cc(c1)C(=O)[O-])C(=O)[O-],4,1.299396288,0.33991411910000036
[Gd].[O-]C(=O)c1ccc(cc1)C(=O)[O-],5,2.5332562180000004,3.6499622293
[Gd].[O-]C(=O)c1ccc(cc1)c1ccc(cc1)C(=O)[O-],2,0.5514046279999998,4.4177961262
[Gd].[O-]C(=O)c1ccc(s1)C(=O)[O-],2,1.033906962,0.03833391320000068
[Gd].[O-]C(=O)c1cccc(n1)C(=O)[O-],2,1.505671784,4.7809995753
[Gd].[O-]C(=O)c1ccnc(c1)c1nccc(c1)C(=O)[O-],3,1.5942353159999998,1.3624770076000008
[Gd].[O-]C=O,2,1.766103206,0.2587697551999999
[Hg].[Mn].[S]C#N,3,1.715308298,0.7163551729000002
[Ho].[O-]C(=O)c1cc(cc(c1)C(=O)[O-])C(=O)[O-],3,2.6593568179999996,2.4309565099999997
[Ho].[O-]C(=O)c1cc(cc(n1)C(=O)[O-])c1cc(nc(c1)C(=O)[O-])C(=O)[O-],2,0.00149000099999963,0.025205017500000038
[Ho].[O-]C(=O)c1ccc(cc1)C(=O)[O-],3,0.9041434660000003,1.6936631112000002
[In].[O-]C(=O)C(=O)[O-],3,1.725230015,3.7574318297
[In].[O-]C(=O)C(=O)[O-].[O]P(=O)([O])[O],3,0.9556673580000001,1.5176007939
[In].[O-]C(=O)C1=NC=N[C]1C(=O)[O-],2,5.9754716420000005,7.6348938289
[In].[O-]C(=O)C1CCC(C1(C)C)(C)C(=O)[O-],2,1.04156899,2.0295017802000004
[In].[O-]C(=O)c1c(F)c(F)c(c(c1F)F)C(=O)[O-].[OH],2,2.4854138720000005,2.0050840052
[In].[O-]C(=O)c1cc(C(=O)[O-])c(cc1C(=O)[O-])C(=O)[O-].[O],2,0.10442331000000005,0.0967844932999995
[In].[O-]C(=O)c1cc(cc(c1)C(=O)[O-])C(=O)[O-],5,0.11769339099999998,0.19656042589999956
[In].[O-]C(=O)c1cc(cc(c1)C(=O)[O-])c1cc(cc(c1)C(=O)[O-])C(=O)[O-].[OH],10,0.5438563059999999,0.33665512369999995
[In].[O-]C(=O)c1ccc(cc1)C(=O)[O-].[OH],2,0.7598254660000001,2.901503283900002
[In].[O-]C(=O)c1ccc(cc1)c1cc(cc(c1)c1ccc(cc1)C(=O)[O-])c1ccc(cc1)C(=O)[O-],2,0.00022270699999993315,2.583553930099999
[In].[O-]C(=O)c1ccc(cc1)c1ccc(cc1)C(=C(c1ccc(cc1)c1ccc(cc1)C(=O)[O-])c1ccc(cc1)c1ccc(cc1)C(=O)[O-])c1ccc(cc1)c1ccc(cc1)C(=O)[O-],2,0.05608202100000004,0.5090350151999985
[In].[O-]C(=O)c1ccc(cc1)c1ccc(cc1)C(=O)[O-],2,0.670421748,0.09809227420000077
[In].[O-]C(=O)c1ccc(cc1)c1ccc(cc1)C1=C2C=CC(=N2)C(=c2n3[In]4n5c1ccc5C(=C1[N]4=C(C=C1)C(=c3cc2)c1ccc(cc1)c1ccc(cc1)C(=O)[O-])c1ccc(cc1)c1ccc(cc1)C(=O)[O-])c1ccc(cc1)c1ccc(cc1)C(=O)[O-],2,0.009927339000000313,0.0016461310000011053
[In].[O-]C(=O)c1ccc(nc1)c1ccc(cn1)C(=O)[O-],2,2.192831578,3.9845839988000016
[In].[O-]C(=O)c1ccc(s1)C(=O)[O-],5,0.34759435799999994,0.2809457120000012
[In][O]([In])[In].[O-]C(=O)c1ccc(cc1)[N][N]c1ccc(cc1)C(=O)[O-],2,0.06378726300000004,0.5921859271999992
[K].[O-]C(=O)C(=O)[O-].[U],2,0.00172307599999999,0.012396173399999988
[La].[O-]C(=O)C(=O)[O-],3,3.0282682810000003,1.5755104228000003
[La].[O-]C(=O)C1CCC(CC1)C(=O)[O-],2,3.30269925,4.8675476452
[La].[O-]C(=O)CCCCC(=O)[O-],3,1.8457163670000005,1.8914984807000006
[La].[O-]C(=O)CN1CC(=O)N(CC1=O)CC(=O)[O-],2,0.7665323269999997,0.6672252522
[La].[O-]C(=O)COCC(=O)[O-],4,3.5158581930000006,1.0132240256999996
[La].[O-]C(=O)c1ccc(cc1)N(c1ccc(cc1)C(=O)[O-])c1ccc(cc1)C(=O)[O-],7,1.2189732949999998,0.1839759920000006
[La].[O-]C(=O)c1ccc(cc1)Oc1cc(cc(c1)C(=O)[O-])C(=O)[O-],3,0.1173791900000003,0.2424142349999996
[La].[O-]C(=O)c1ccc(cc1)c1cc(cc(c1)c1ccc(cc1)C(=O)[O-])c1ccc(cc1)C(=O)[O-],3,2.114364978,0.6894251065999981
[La].[O-]C(=O)c1cccc(c1)C(=O)[O-],2,0.260135703,0.08896410010000011
[La].[O-]C(=O)c1cccc(n1)C(=O)[O-],5,1.7188684239999992,5.315806075200001
[La].[O-]C(=O)c1cccc(n1)C(=O)[O-].[OH2][La],2,0.4276505300000002,0.8511145370000008
[La].[O-][n+]1ccc(cc1)c1cc[n+](cc1)[O-],2,1.076403935,2.6682217178
[Li].[O-]C(=O)c1cc(C(=O)[O-])c2c3c1ccc1c3c(cc2)c(cc1C(=O)[O-])C(=O)[O-].[Zn],2,0.3193411509999997,2.950284009799999
[Li].[O-]C(=O)c1ccncc1,11,1.2185463909999998,2.1288623865
[Mg].[O-]C(=O)C(=O)[O-].[O]P(=O)(O)O,2,0.30881622100000006,0.23876787500000063
[Mg].[O-]C(=O)C(=O)[O-].[O]P(=O)(O)[O],2,1.5880614929999999,0.43157589929999984
[Mg].[O-]C(=O)c1cc(C(=O)[O-])c(cc1C(=O)[O-])C(=O)[O-],2,0.1263005710000007,0.7576987262000001
[Mg].[O-]C(=O)c1cc(O)c(cc1O)C(=O)[O-],5,2.4376204260000005,2.3606505881000004
[Mg].[O-]C(=O)c1cc([O])c(cc1[O])C(=O)[O-],3,1.9126840859999996,0.48010878979999916
[Mg].[O-]C(=O)c1cc(cc(c1)C(=O)[O-])C(=O)[O-],2,0.03425543900000072,0.110707936499999
[Mg].[O-]C(=O)c1ccc(cc1)C(=O)[O-],4,1.7723229849999997,8.4415729478
[Mg].[O-]C(=O)c1ccc(cc1)C(=O)[O-].[O-][n+]1ccc(cc1)c1cc[n+](cc1)[O-],10,0.2906379830000001,1.1624400861999997
[Mg].[O-]C(=O)c1ccc(cc1)[N][N]c1ccc(cc1)C(=O)[O-],2,1.7074097110000004,2.5943659544000006
[Mg].[O-]C(=O)c1ccc(cc1)c1ccc(cc1)C(=O)[O-],2,1.4273386720000003,2.554160488399999
[Mg].[O-]C(=O)c1ccc(s1)C(=O)[O-],3,3.2250703420000004,1.1455168590000007
[Mg].[O-]C(=O)c1ccc2c(c1)ccc(c2)C(=O)[O-],5,0.3468652919999995,3.6317640863999996
[Mg].[O-]C(=O)c1ccnc(c1)C(=O)[O-].[OH],6,0.571786264,0.4972687841000001
[Mg].[O-]C(=O)c1ccncc1,2,0.007236479000000129,0.024745756899999805
[Mg].[O-]C(=O)c1cncc(c1)C(=O)[O-],4,1.0722913110000003,0.41756245490000055
[Mg].[O-]C=O,14,3.714254531,3.4575619061
[Mg].[O]P(=O)(CN1CCN(CC1)CP(=O)([O])[O])[O],2,0.8795732460000005,0.6920582890000011
[Mg][O]([Mg])[Mg].[O-]C(=O)c1c(O)c(O)c(c(c1O)O)C(=O)[O-],3,1.397186381,3.2082999772999994
[Mg][O]([Mg])[Mg].[O-]C(=O)c1cc([N][N]c2cc(cc(c2)C(=O)[O-])C(=O)[O-])cc(c1)C(=O)[O-],2,0.341416127,0.1065755053999986
[Mn].[O-]C(=O)C(=O)[O-].[O]P(=O)(O)O,3,0.30778988,1.3011086527
[Mn].[O-]C(=O)C(=O)[O-].[O]P(=O)(O)[O],5,4.051401855,1.4230750926
[Mn].[O-]C(=O)C(=O)[O-].[O]P(=O)[O],2,4.843995928,0.06343795529999952
[Mn].[O-]C(=O)C1=CC(=S)C(=CC1=S)C(=O)[O-],2,0.09004294600000007,0.004113710500000423
[Mn].[O-]C(=O)C1=[C]C(=[C]C(=[C]1)C(=O)[O-])C(=O)[O-],2,0.02159489800000003,0.35409197629999944
[Mn].[O-]C(=O)CCC(=O)[O-].n1ccc(cc1)c1ccncc1,2,0.0047711999999999755,0.01450037230000012
[Mn].[O-]C(=O)CNS(=O)(=O)c1cccc(c1)C(=O)[O-].n1ccc(cc1)c1ccncc1,2,0.16464717399999995,1.8848578288
[Mn].[O-]C(=O)c1[nH]c(nc1C(=O)[O-])c1ccncc1,2,0.1625653810000003,0.0961253526000001
[Mn].[O-]C(=O)c1cc(C(=O)[O-])c(c(c1)N(=O)=O)c1c(cc(cc1N(=O)=O)C(=O)[O-])C(=O)[O-],2,0.3206265090000002,0.3464837410000001
[Mn].[O-]C(=O)c1cc(NCc2ccncc2)cc(c1)C(=O)[O-],8,0.7278761740000004,1.2977896963000006
[Mn].[O-]C(=O)c1cc(O)c(c(c1)O)[O],3,0.16990370700000001,0.5478267626999997
[Mn].[O-]C(=O)c1cc([O])c(cc1[O])C(=O)[O-],5,2.918558248,0.4566541196999996
[Mn].[O-]C(=O)c1cc(cc(c1)C(=O)[O-])C(=O)[O-],19,5.46032967,3.3320751021
[Mn].[O-]C(=O)c1cc(cc(c1)C(=O)[O-])c1cc(cc(c1)C(=O)[O-])C(=O)[O-],3,4.16884925,6.975422785299999
[Mn].[O-]C(=O)c1cc(cc(c1)Oc1ccc(cc1)C(=O)[O-])Oc1ccc(cc1)C(=O)[O-],5,0.8383821569999999,2.4482684034
[Mn].[O-]C(=O)c1cc(cc(c1)n1cnc2c1cccc2)n1cnc2c1cccc2,7,0.589747623,0.9014251953999999
[Mn].[O-]C(=O)c1ccc(cc1)C(=O)[O-],21,2.0332695919999995,2.6828461490999995
[Mn].[O-]C(=O)c1ccc(cc1)C(=O)[O-].[O-][n+]1ccc(cc1)c1cc[n+](cc1)[O-],5,0.373876627,0.6078937169000005
[Mn].[O-]C(=O)c1ccc(cc1)C(C(F)(F)F)(C(F)(F)F)c1ccc(cc1)C(=O)[O-],2,0.2948173879999998,2.7021025445
[Mn].[O-]C(=O)c1ccc(cc1)OCC(COc1ccc(cc1)C(=O)[O-])(COc1ccc(cc1)C(=O)[O-])COCC(COc1ccc(cc1)C(=O)[O-])(COc1ccc(cc1)C(=O)[O-])COc1ccc(cc1)C(=O)[O-],3,0.581569086,0.6737137979999996
[Mn].[O-]C(=O)c1ccc(cc1)OCC(COc1ccc(cc1)C(=O)[O-])(COc1ccc(cc1)C(=O)[O-])COc1ccc(cc1)C(=O)[O-],2,0.279908326,1.2011685617999994
[Mn].[O-]C(=O)c1ccc(cc1)S(=O)(=O)c1ccc(cc1)C(=O)[O-],6,0.9323254369999998,4.81559935
[Mn].[O-]C(=O)c1ccc(cc1)[Si](c1ccc(cc1)C(=O)[O-])(c1ccc(cc1)C(=O)[O-])c1ccc(cc1)C(=O)[O-],3,2.4911066230000003,0.9106083824000004
[Mn].[O-]C(=O)c1ccc(cc1)c1ccc(cc1)C(=O)[O-],5,2.743249473,4.2624439068
[Mn].[O-]C(=O)c1ccc(cc1)c1ccncc1,2,0.057126973999999886,0.22860944630000013
[Mn].[O-]C(=O)c1ccc(o1)C(=O)[O-],2,0.188997733,1.4955113407000002
[Mn].[O-]C(=O)c1ccc2c(c1)ccc(c2)C(=O)[O-],6,1.3624633940000002,3.9027505258999993
[Mn].[O-]C(=O)c1cccc(c1)C(=O)[O-],5,3.780034322,2.875577324099999
[Mn].[O-]C(=O)c1cccc(c1)c1ccncc1,3,0.25871062099999986,0.702028586
[Mn].[O-]C(=O)c1ccncc1,2,0.035360457999999984,0.10057951590000003
[Mn].[O-]C=O,26,0.428343775,2.6613364852000005
[Mn].n1ccc(cc1)C1=C2C=CC(=C(c3ccncc3)C3=NC(=C(C4=CC=C(C(=C5N=C1C=C5)c1ccncc1)[N]4)c1ccncc1)C=C3)[N]2,3,0.041461899999999996,0.07963293169999996
[Mn].n1ccc(cc1)C=Cc1ccncc1,2,1.91069212,8.9537256865
[Mn]1[Mn][Mn][Mn][Mn][Mn]1.[O-]C(=O)c1cc([S])c(cc1[S])C(=O)[O-],2,0.02961003799999995,0.012737832900000079
[N]([CH]c1ccncc1)[N][CH]c1ccncc1.[O-]C(=O)c1ccc(cc1)Oc1ccc(cc1)C(=O)[O-].[Zn],2,0.20835427399999995,0.15962696680000033
[N]1CC[N]CC1.[O-]C(=O)c1ccc(cc1)C(=O)[O-].[Zn][Zn],2,0.01911738399999985,0.3529245837000001
[N][N][N].[Ni].[O-]C(=O)c1ccncc1,2,0.600972299,0.060080734399999614
[Nd].[Nd][OH2][Nd].[O-]C(=O)c1ccc(s1)C(=O)[O-],2,0.5237576559999999,0.19350431970000015
[Nd].[O-]C(=O)C(=O)[O-],9,2.2420212919999996,3.4855432570000007
[Nd].[O-]C(=O)C(=O)[O-].[O]S(=O)(=O)[O],2,0.3302323779999998,0.6125780763
[Nd].[O-]C(=O)CCCC(=O)[O-],2,0.3445759420000001,0.2644999257999998
[Nd].[O-]C(=O)CCCCC(=O)[O-],3,2.3772461979999995,0.5987524457000006
[Nd].[O-]C(=O)[C][N][C]C(=O)[O-],2,1.2179243499999997,0.06134595840000001
[Nd].[O-]C(=O)c1c(I)c(C(=O)[O-])c(c(c1I)N)I.[O-][C]=O,2,0.02190524199999988,0.03121091549999999
[Nd].[O-]C(=O)c1c([N])c([N])c(c(c1[N])[N])C(=O)[O-].[O-]C(=O)c1cc([N])c(cc1[N])C(=O)[O-],2,0.07248175700000026,0.006703800199999943
[Nd].[O-]C(=O)c1cc(cc(c1)C(=O)[O-])C(=O)[O-],2,1.9281326659999998,0.5898991713000008
[Nd].[O-]C(=O)c1ccc(cc1)C(=O)[O-],2,0.616882559,0.27866960020000153
[Nd].[O-]C(=O)c1ccc(cc1)C=Nc1cc(cc(c1)C(=O)[O-])C(=O)[O-],7,3.5355430649999997,4.4370217218
[Nd].[O-]C(=O)c1ccc(cc1)[CH][N]c1cc(cc(c1)C(=O)[O-])C(=O)[O-],4,1.2099159879999997,1.4020930427000007
[Nd].[O-]C(=O)c1ccc(cc1)c1cc(c2ccc(cc2)C(=O)O)c(cc1c1ccc(cc1)C(=O)[O-])c1ccc(cc1)C(=O)[O-],2,1.416908399,0.3782675256000001
[Nd].[O-]C(=O)c1ccc(cc1)c1ccc(cc1)C(=O)[O-],2,0.18006026200000003,0.1683543629000006
[Nd].[O-]C(=O)c1ccc(s1)C(=O)[O-],5,4.216397369,4.165316746400001
[Nd].[O-]C(=O)c1cccc(n1)C(=O)[O-],5,0.8734615420000003,5.158567462499999
[Ni].[O-]C(=O)C(=O)[O-].[O-]C(=O)c1cc(nc(c1)c1ccncc1)c1ccncc1,2,0.00012918699999997507,0.021139918600000307
[Ni].[O-]C(=O)C([NH])C.n1ccc(cc1)C=Cc1ccncc1,2,0.3254791290000001,0.5024363431000012
[Ni].[O-]C(=O)C.[O-]C(=O)c1cc(cc(c1)C(=O)[O-])C(=O)[O-],4,0.014680929000000065,0.3671467548999994
[Ni].[O-]C(=O)CC(C(=O)[O-])N.n1ccc(cc1)c1ccncc1,3,0.206572765,0.5647568556999998
[Ni].[O-]C(=O)CC(C(=O)[O-])O.n1ccc(cc1)c1ccncc1,2,1.007979723,7.0263801376
[Ni].[O-]C(=O)[C]1[CH][C](C(=O)[O-])C(=O)[CH]C1=O,2,0.14811445599999984,0.09816553930000005
[Ni].[O-]C(=O)c1c(F)ccc(c1C(=O)[O-])F.n1ccc(cc1)C1=NC(=[N]=C([N]1)c1ccncc1)c1ccncc1,2,0.03138579200000002,0.413654811899999
[Ni].[O-]C(=O)c1cc(C(=O)[O-])c(cc1C(=O)[O-])C(=O)[O-],3,1.061036422,1.3498517994
[Ni].[O-]C(=O)c1cc([O])c(cc1[O])C(=O)[O-],6,1.1561221159999997,0.3977163527000007
[Ni].[O-]C(=O)c1cc(cc(c1)C(=O)[O-])C(=O)[O-],9,4.090704741,3.0816063520000005
[Ni].[O-]C(=O)c1cc(cc(c1)C(=O)[O-])C(=O)[O-].c1ncn(c1)c1ccc(cc1)n1cncc1,2,0.2895458499999999,0.5135972976000001
[Ni].[O-]C(=O)c1cc(cc(c1)n1cnc2c1cccc2)n1cnc2c1cccc2,5,0.4792774059999998,0.5135888521999998
[Ni].[O-]C(=O)c1cc(ccc1c1cc(cc(c1)C(=O)[O-])C(=O)[O-])C(=O)[O-].c1ncn(c1)c1ccc(cc1)n1cncc1,2,0.0164386409999997,0.00023572740000021852
[Ni].[O-]C(=O)c1ccc(cc1)OCC(COc1ccc(cc1)C(=O)[O-])(COc1ccc(cc1)C(=O)[O-])COc1ccc(cc1)C(=O)[O-],3,0.209324424,0.37135475939999996
[Ni].[O-]C(=O)c1ccc2c(c1)ccc(c2)C(=O)[O-],2,0.028020173999999898,0.02071787210000009
[Ni].[O-]C=O,2,0.300215117,2.546064588
[Ni].[O-]C=O.n1ccc(cc1)c1ccncc1,2,0.6172949249999995,0.2941971895000002
[Ni].[O].[V].n1ccc(cc1)c1ccncc1,4,3.361428457,2.2987677041000003
[Ni].[O]P(=O)([C]N1[C][C]N([C][C]1)[C]P(=O)([O])[O])[O],3,1.365805597,0.2744950736999998
[Ni].n1ccc(cc1)C1=NN=C([N]1)c1ccccn1,3,0.8878007459999999,0.7437384073999995
[Ni]O[Ni].[O-]C(=O)c1cccnc1,2,0.6251369950000001,0.31600153080000015
[Ni]O[Ni]O[Ni].[O-]C(=O)c1cc(cc(c1)C(=O)[O-])C(=O)[O-],2,0.09004260399999997,0.24265677699999966
[Ni][OH2]([Ni])[Ni].[O-]C(=O)c1ccc(cc1)c1cc(cc(n1)c1ccc(cc1)C(=O)[O-])c1ccncc1,4,0.546616583,0.9257175670999995
[Ni][OH2][Ni].[O-]C(=O)c1cccc(c1)C(=O)[O-].n1ccc(cc1)C1C(c2ccncc2)C(C1c1ccncc1)c1ccncc1,3,0.3012405309999999,0.10187942579999998
[Ni][O]([Ni])[Ni].[O-]C(=O)c1ccc(cc1)c1ccncc1.[O-]C(=O)c1ccc2c(c1)ccc(c2)C(=O)[O-],2,0.010506603000000003,0.005904381899998867
[O-]C(=O)C(=O)[O-].[O-]C(=O)[O-].[Y],2,0.021802588000000345,0.02204285919999993
[O-]C(=O)C(=O)[O-].[O-]C(=O)c1ncnc(c1)C(=O)[O-].[Sm],2,0.22661272499999985,0.26393985949999976
[O-]C(=O)C(=O)[O-].[Pr],2,0.040075997999999835,7.887470000000896e-05
[O-]C(=O)C(=O)[O-].[Sm],2,0.034305448000000016,0.0001141788999996507
[O-]C(=O)C(=O)[O-].[Y],2,1.8411750239999998,0.6978976599000006
[O-]C(=O)C(=O)[O-].[Yb],3,1.545034122,3.6243894204
[O-]C(=O)C(=O)[O-].[Zn],3,0.08756864700000001,1.7505327439999991
[O-]C(=O)C(Oc1cc(cc(c1)C(=O)[O-])OC(C(=O)[O-])C)C.[OH2][Sm].[Sm],2,0.027755607999999876,0.0391250810999999
[O-]C(=O)C(Oc1cc(cc(c1)C(=O)[O-])OC(C(=O)[O-])C)C.[OH2][Tb].[Tb],2,0.05075692999999992,0.05762607870000025
[O-]C(=O)C([O])C.[O-]C(=O)c1ccc(cc1)C(=O)[O-].[Zn],5,0.40544399200000003,1.2094010402000004
[O-]C(=O)C12CC3(CC(C2)(CC(C1)(C3)C(=O)[O-])C(=O)[O-])C(=O)[O-].[Zn],3,1.441238028,1.0753792387999992
[O-]C(=O)C1=C([N]C=N1)C(=O)[O-].[O-]C(=O)C1=NC=N[C]1C(=O)[O-].[Sm],2,0.11434032199999988,0.02107095690000005
[O-]C(=O)C1=CN=N[CH]1.[O-]C(=O)C1=C[N]N=C1.[O-]C(=O)[C]1C=NN=C1.[Zn][O]([Zn])[Zn],2,0.009678513,0.0005616994000003928
[O-]C(=O)C1=C[CH]N(C=C1)Cc1c(C)c(CN2[CH]C=C(C=C2)C(=O)[O-])c(c(c1C)CN1[CH]C=C(C=C1)C(=O)[O-])C.[Pr],2,0.5417882439999997,0.2883307598
[O-]C(=O)C1=C[C]=C([C]=C1)C1=[C]C=C(C=[C]1)C(=O)[O-].[Zn][O]([Zn])([Zn])[Zn],2,0.024531956999999993,9.471135187600003
[O-]C(=O)C1=C[C]=CC(=C1)C(=O)[O-].[Zn][Zn],6,1.156248867,5.4353083305
[O-]C(=O)C1=[C][C]=C([C]=[C]1)C(=O)[O-].[O].[V],3,0.07688234500000002,2.1779186292999997
[O-]C(=O)C1CC(CC(C1)C(=O)[O-])C(=O)[O-].[U],2,0.274291228,0.8572611128999998
[O-]C(=O)C1OC(C(C1C(=O)[O-])C(=O)[O-])C(=O)[O-].[Zn],2,0.45677492,0.3513459108000001
[O-]C(=O)C=CC(=O)[O-].[Tb],2,0.06070066900000004,0.26428596159999973
[O-]C(=O)C=CC=CC(=O)[O-].[Zn].n1ccc(cc1)C=Cc1ccncc1,3,0.634755371,3.8187666286
[O-]C(=O)CC(=O)[O-].[Zn],2,0.049715015999999945,0.0001399635000001176
[O-]C(=O)CCCCC(=O)[O-].[Pr],2,2.332480501,1.1709503133999997
[O-]C(=O)Cc1cc(CC(=O)[O-])cc(c1)CC(=O)[O-].[U],2,0.3976086890000001,3.8741548591000003
[O-]C(=O)c1c(C)c(C)c(c(c1C)C)C(=O)[O-].[Tm],2,0.06519560000000002,0.020791599000000716
[O-]C(=O)c1c(Cl)c(Cl)c(c(c1Cl)Cl)[C](c1c(Cl)c(Cl)c(c(c1Cl)Cl)C(=O)[O-])c1c(Cl)c(Cl)c(c(c1Cl)Cl)C(=O)[O-].[Tb][Tb],2,0.046412174999999944,0.2865122205000006
[O-]C(=O)c1c(F)c(F)c(c(c1F)F)C(=O)[O-].[Zn],2,0.20423804999999984,0.6447377725999996
[O-]C(=O)c1c([N])c([N])c(c(c1[N])[N])C(=O)[O-].[O-]C(=O)c1cc([N])c(cc1[N])C(=O)[O-].[Pr],2,0.10154492800000003,0.013361152000000098
[O-]C(=O)c1c(cccc1C(=O)[O-])C(=O)[O-].[Zn].n1ccc(cc1)c1ccncc1,2,0.631334943,1.5089999092
[O-]C(=O)c1c2ccccc2c(c2c1cccc2)C(=O)[O-].[Zn],2,3.1835414039999996,2.5256906023
[O-]C(=O)c1cc(C#Cc2cc(C#Cc3cc(cc(c3)C(=O)[O-])C(=O)[O-])cc(c2)C#Cc2cc(cc(c2)C(=O)[O-])C(=O)[O-])cc(c1)C(=O)[O-].[Zn][Zn],2,0.09290489099999999,0.06499620770000192
[O-]C(=O)c1cc(C#Cc2cc(cc(c2)C(=O)[O-])C(=O)[O-])cc(c1)C(=O)[O-].[Zn][Zn],3,0.27308981200000004,1.121776015
[O-]C(=O)c1cc(C(=O)[O-])c(cc1C(=O)[O-])C(=O)[O-].[U],4,0.351633089,4.325785188199999
[O-]C(=O)c1cc(C(=O)[O-])c(cc1C(=O)[O-])C(=O)[O-].[Zn],13,3.6619406559999996,4.372653925799998
[O-]C(=O)c1cc(C(=O)[O-])c(cc1C(=O)[O-])C(=O)[O-].[Zn][OH]([Zn][OH]([Zn])[Zn])[Zn],2,0.11320884999999992,0.014883106999999285
[O-]C(=O)c1cc(NC2=NC(=[N]=C([N]2)Nc2cc(cc(c2)C(=O)[O-])C(=O)[O-])Nc2cc(cc(c2)C(=O)[O-])C(=O)[O-])cc(c1)C(=O)[O-].[Zn],2,0.02125390099999999,0.06332738879999944
[O-]C(=O)c1cc(NCc2ccc(cc2)CNc2cc(cc(c2)C(=O)[O-])C(=O)[O-])cc(c1)C(=O)[O-].[Zn],2,2.2572190739999995,2.8652968963000003
[O-]C(=O)c1cc(O)c(cc1O)C(=O)[O-].[Pr],2,4.085186422,7.052153934600001
[O-]C(=O)c1cc(OCC(COc2cc(cc(c2)C(=O)[O-])C(=O)[O-])(COc2cc(cc(c2)C(=O)[O-])C(=O)[O-])COc2cc(cc(c2)C(=O)[O-])C(=O)[O-])cc(c1)C(=O)[O-].[Zn],2,0.171267756,0.4796251274999985
[O-]C(=O)c1cc(OCC(COc2cc(cc(c2)C(=O)[O-])C(=O)[O-])(COc2cc(cc(c2)C(=O)[O-])C(=O)[O-])COc2cc(cc(c2)C(=O)[O-])C(=O)[O-])cc(c1)C(=O)[O-].[Zn][Zn],6,0.23015200699999983,0.4108950470000021
[O-]C(=O)c1cc(OCc2ccc(cc2)c2ccc(cc2)COc2cc(cc(c2)C(=O)[O-])C(=O)[O-])cc(c1)C(=O)[O-].[Zn],2,3.4220845630000003,3.0837053346999994
[O-]C(=O)c1cc([N][N]c2cc(cc(c2)C(=O)[O-])C(=O)[O-])cc(c1)C(=O)[O-].[Zn][Zn],3,0.5231482069999999,0.24057306759999975
[O-]C(=O)c1cc([O])c(cc1[O])C(=O)[O-].[Zn],10,2.484480682,1.5612406508999994
[O-]C(=O)c1cc(c2cc(cc(c2)C(=O)[O-])C(=O)[O-])c(cc1c1cc(cc(c1)C(=O)[O-])C(=O)[O-])C(=O)[O-].[Zn],3,2.992049748,6.253838836999999
[O-]C(=O)c1cc(cc(c1)C(=O)[O-])C(=O)[O-].[Tb],6,3.0537992020000004,2.5238094913000007
[O-]C(=O)c1cc(cc(c1)C(=O)[O-])C(=O)[O-].[Th],2,0.100089282,0.029456540500000017
[O-]C(=O)c1cc(cc(c1)C(=O)[O-])C(=O)[O-].[Tm],3,3.0075700760000004,2.4146504901999997
[O-]C(=O)c1cc(cc(c1)C(=O)[O-])C(=O)[O-].[Y],5,6.228252165000001,5.149001777
[O-]C(=O)c1cc(cc(c1)C(=O)[O-])C(=O)[O-].[Yb],3,2.040229135,1.8119137455
[O-]C(=O)c1cc(cc(c1)C(=O)[O-])C(=O)[O-].[Zn],17,6.7485418489999995,6.306893413900001
[O-]C(=O)c1cc(cc(c1)C(=O)[O-])C(=O)[O-].[Zn].[Zn][Zn],10,2.3185312190000005,9.942175711900001
[O-]C(=O)c1cc(cc(c1)C(=O)[O-])C(=O)[O-].[Zn][OH]([Zn])[Zn],2,0.050171939000000054,0.03542515400000035
[O-]C(=O)c1cc(cc(c1)C(=O)[O-])C(=O)[O-].[Zn][O]([Zn])([Zn])[Zn].[Zn][O]([Zn])[Zn].[Zn][Zn],2,0.28845844600000015,0.07253856110000001
[O-]C(=O)c1cc(cc(c1)C(=O)[O-])C(=O)[O-].[Zn][O]([Zn])[Zn],6,3.3968743470000002,1.3127446531000002
[O-]C(=O)c1cc(cc(c1)C(=O)[O-])C(=O)[O-].[Zn][O]([Zn])[Zn].[Zn][Zn],4,0.36724440700000005,0.4989128025999996
[O-]C(=O)c1cc(cc(c1)C(=O)[O-])C(=O)[O-].[Zn][Zn],2,0.11408918299999993,0.014527980500000481
[O-]C(=O)c1cc(cc(c1)C(=O)[O-])N1C=CN([CH]1)c1cc(cc(c1)C(=O)[O-])C(=O)[O-].[Zn][Zn],3,0.8302745460000003,0.5103530461000005
[O-]C(=O)c1cc(cc(c1)C(=O)[O-])c1cc(c2cc(cc(c2)C(=O)[O-])C(=O)[O-])c2c3c1ccc1c3c(cc2)c(cc1c1cc(cc(c1)C(=O)[O-])C(=O)[O-])c1cc(cc(c1)C(=O)[O-])C(=O)[O-].[Zn],2,1.960253878,2.811108485
[O-]C(=O)c1cc(cc(c1)C(=O)[O-])c1cc(cc(c1)C(=O)O)C(=O)[O-].[Zn],2,0.12849409600000028,0.07751230549999999
[O-]C(=O)c1cc(cc(c1)C(=O)[O-])c1cc(cc(c1)C(=O)[O-])C(=O)[O-].[OH].[Sc],2,0.2154550420000001,0.010425741600000649
[O-]C(=O)c1cc(cc(c1)C(=O)[O-])c1cc(cc(c1)C(=O)[O-])C(=O)[O-].[OH].[V],10,0.3438918900000001,0.10112080589999906
[O-]C(=O)c1cc(cc(c1)C(=O)[O-])c1cc(cc(c1)C(=O)[O-])C(=O)[O-].[O].[V],2,0.025320780000000043,0.0319181296999993
[O-]C(=O)c1cc(cc(c1)C(=O)[O-])c1cc(cc(c1)C(=O)[O-])C(=O)[O-].[Zn],3,4.790026406,2.0496831101
[O-]C(=O)c1cc(cc(c1)Oc1ccc(cc1)C(=O)[O-])Oc1ccc(cc1)C(=O)[O-].[OH].[Zn],2,0.0003651209999999683,0.019965654099999952
[O-]C(=O)c1cc(cc(c1)P(=O)([O])[O])C(=O)[O-].[Zn],2,0.39225549099999996,1.4331108933000003
[O-]C(=O)c1cc(cc(c1)S([O])([O])[O])C(=O)[O-].[Zn],15,1.119936453,1.4036356925
[O-]C(=O)c1cc(cc(c1)c1ccc(cc1)P(=O)([O])[O])C(=O)[O-].[Zn],4,0.8635145439999998,0.6272964807000001
[O-]C(=O)c1cc(cc(n1)C(=O)[O-])c1cc(nc(c1)C(=O)[O-])C(=O)[O-].[Tb],2,0.0970292279999998,0.025251223499999975
[O-]C(=O)c1cc(ccc1C(=O)[O-])N(=O)=O.[Zn][OH][Zn][OH][Zn].n1ccc(cc1)C=Cc1ccncc1,4,0.32393448999999996,0.17808634869999995
[O-]C(=O)c1cc(ccc1C(=O)[O-])Oc1ccc(c(c1)C(=O)[O-])C(=O)[O-].[Zn].n1ccc(cc1)CCc1ccncc1,2,0.510145683,2.0859830649
[O-]C(=O)c1cc(nc(c1)C(=O)[O-])C(=O)[O-].[Pr],2,0.2321549730000001,0.04476020939999992
[O-]C(=O)c1ccc(c(c1)N(Cc1ccc(cc1)C(=O)[O-])Cc1ccc(cc1)C(=O)[O-])C(=O)O.[Tb],4,0.6421860379999997,0.5645022704000011
[O-]C(=O)c1ccc(c2c1cccc2)C(=O)[O-].[Sr],2,0.12916131099999983,0.07815846190000109
[O-]C(=O)c1ccc(c2c1cccc2)C(=O)[O-].[Zn].n1ccc(cc1)c1ccncc1,2,0.03752631099999992,0.004418971700000274
[O-]C(=O)c1ccc(cc1)C#Cc1cc(C#Cc2ccc(cc2)C(=O)[O-])cc(c1)C#Cc1ccc(cc1)C(=O)[O-].[O-]C(=O)c1ccc(cc1)c1ccc(cc1)C(=O)[O-].[Zn][O]([Zn])([Zn])[Zn],2,0.015046162000000002,0.7543111542999981
[O-]C(=O)c1ccc(cc1)C(=O)[O-].[O-][C]=O.[Sc],8,1.167188506,0.9556833145999999
[O-]C(=O)c1ccc(cc1)C(=O)[O-].[O].[V],17,0.516714695,5.040531801600001
[O-]C(=O)c1ccc(cc1)C(=O)[O-].[O]P(=O)(O)[O].[Zn],2,0.188645776,0.04791166820000026
[O-]C(=O)c1ccc(cc1)C(=O)[O-].[Sc],21,0.218431371,1.2141675654000001
[O-]C(=O)c1ccc(cc1)C(=O)[O-].[Sm],2,2.290214846,1.9932465165000002
[O-]C(=O)c1ccc(cc1)C(=O)[O-].[Sr],5,2.324638298,2.4607437091
[O-]C(=O)c1ccc(cc1)C(=O)[O-].[Tb],6,3.317797378,3.0987281400000004
[O-]C(=O)c1ccc(cc1)C(=O)[O-].[Tm],2,0.05269389599999963,0.018495895200000056
[O-]C(=O)c1ccc(cc1)C(=O)[O-].[Tm][Tm],2,0.0749680989999999,1.0182261353
[O-]C(=O)c1ccc(cc1)C(=O)[O-].[U],3,0.45876409599999995,2.2639906546000006
[O-]C(=O)c1ccc(cc1)C(=O)[O-].[Y],6,4.727644913999999,3.0141766299000006
[O-]C(=O)c1ccc(cc1)C(=O)[O-].[Yb],4,1.7069306570000005,3.5022596601
[O-]C(=O)c1ccc(cc1)C(=O)[O-].[Zn],5,4.751304440999999,6.2878735291000005
[O-]C(=O)c1ccc(cc1)C(=O)[O-].[Zn].n1ccc(cc1)OCC(COc1ccncc1)(COc1ccncc1)COc1ccncc1,2,0.048785428000000186,0.008517504999999925
[O-]C(=O)c1ccc(cc1)C(=O)[O-].[Zn][OH]1[Zn][OH]([Zn]1)[Zn],2,0.048632104000000176,0.058962906699999706
[O-]C(=O)c1ccc(cc1)C(=O)[O-].[Zn][O]([Zn])([Zn])[Zn],22,1.461032897,9.1424072238
[O-]C(=O)c1ccc(cc1)C(=O)[O-].[Zn][Zn],7,2.7383807379999996,8.350093531799999
[O-]C(=O)c1ccc(cc1)C(=O)[O-].[Zn][Zn].n1ccc(cc1)c1ccncc1,3,0.12426200899999995,0.022913658000000225
[O-]C(=O)c1ccc(cc1)C(C(F)(F)F)(C(F)(F)F)c1ccc(cc1)C(=O)[O-].[Zn],4,0.02500130899999997,0.011837671899999735
[O-]C(=O)c1ccc(cc1)C(C(F)(F)F)(C(F)(F)F)c1ccc(cc1)C(=O)[O-].[Zn][O]1[Zn][O]([Zn]1)[Zn],3,0.02749966699999984,0.04522314370000036
[O-]C(=O)c1ccc(cc1)C(c1ccc(cc1)C(=O)[O-])(c1ccc(cc1)C(=O)[O-])c1ccc(cc1)C(=O)[O-].[U],2,0.150026306,6.874316899599998
[O-]C(=O)c1ccc(cc1)C(c1ccc(cc1)C(=O)[O-])c1ccc(cc1)C(=O)[O-].[Zn]12[Zn]3[O]4562[Zn]1[Zn]5[Zn]6[Zn]34,2,0.21939889400000023,0.03494079939999928
[O-]C(=O)c1ccc(cc1)C1=NC(=[N]=C([N]1)c1ccc(cc1)C(=O)[O-])c1ccc(cc1)C(=O)[O-].[Tb],2,1.510005938,3.1073187025999998
[O-]C(=O)c1ccc(cc1)C1=NC(=[N]=C([N]1)c1ccc(cc1)C(=O)[O-])c1ccc(cc1)C(=O)[O-].[Zn],3,0.5966351679999999,7.7466945002
[O-]C(=O)c1ccc(cc1)C1=NN=N[N]1.[Zn],2,0.9633050250000001,0.6482849976000002
[O-]C(=O)c1ccc(cc1)C=Cc1ccncc1.[Zn],5,0.15323532899999992,0.46200332819999934
[O-]C(=O)c1ccc(cc1)CN1CCN(CCN(CC1)Cc1ccc(cc1)C(=O)[O-])Cc1ccc(cc1)C(=O)[O-].[Zn],2,0.23484383899999983,0.017805956000000123
[O-]C(=O)c1ccc(cc1)N(c1ccc(cc1)C(=O)[O-])c1ccc(cc1)C(=O)[O-].[Zn],3,1.192296832,4.730306353299999
[O-]C(=O)c1ccc(cc1)N(c1ccc(cc1)C(=O)[O-])c1ccc(cc1)c1ccc(cc1)N(c1ccc(cc1)C(=O)[O-])c1ccc(cc1)C(=O)[O-].[Zn][Zn],4,0.015193707,0.4661324915999998
[O-]C(=O)c1ccc(cc1)NC1=NC(=[N]=C([N]1)Nc1ccc(cc1)C(=O)[O-])Nc1ccc(cc1)C(=O)[O-].[Tb],2,5.317752260000001,1.077855598100001
[O-]C(=O)c1ccc(cc1)OCC(COc1ccc(cc1)C(=O)[O-])(COc1ccc(cc1)C(=O)[O-])COc1ccc(cc1)C(=O)[O-].[Zn],2,0.4377589959999999,3.6778711769
[O-]C(=O)c1ccc(cc1)OCC(COc1ccc(cc1)C(=O)[O-])(COc1ccc(cc1)C(=O)[O-])COc1ccc(cc1)C(=O)[O-].[Zn][O]([Zn])([Zn])[Zn],2,0.9992121340000001,15.4078388464
[O-]C(=O)c1ccc(cc1)Oc1cc(cc(c1)C(=O)[O-])C(=O)[O-].[OH2][La],2,1.3071129100000003,1.2358719425000002
[O-]C(=O)c1ccc(cc1)Oc1ccc(cc1)C(=O)[O-].[Tb],2,1.710287314,0.7129410599999999
[O-]C(=O)c1ccc(cc1)Oc1ccc(cc1)C(=O)[O-].[Zn][Zn].n1ccc(cc1)c1ccncc1,2,0.023347555999999825,0.18193580549999977
[O-]C(=O)c1ccc(cc1)P(=O)([O])[O].[Zn],2,0.151413723,0.7936804523000003
[O-]C(=O)c1ccc(cc1)S(=O)(=O)c1ccc(cc1)C(=O)[O-].[Zn],2,0.08654074200000039,0.43638084290000023
[O-]C(=O)c1ccc(cc1)[Si](c1ccc(cc1)C(=O)[O-])(c1ccc(cc1)C(=O)[O-])c1ccc(cc1)C(=O)[O-].[Pr],2,1.0702903689999999,1.5089631287999996
[O-]C(=O)c1ccc(cc1)[Si](c1ccc(cc1)C(=O)[O-])(c1ccc(cc1)C(=O)[O-])c1ccc(cc1)C(=O)[O-].[Zn],4,2.279464313,3.2046044339
[O-]C(=O)c1ccc(cc1)c1[nH]c(nc1c1ccc(cc1)C(=O)[O-])c1ccccn1.[Zn],4,0.264422709,0.5440723630000006
[O-]C(=O)c1ccc(cc1)c1c(C)[n-][nH]c1C.[Zn],3,0.648858208,1.4614052543000002
[O-]C(=O)c1ccc(cc1)c1cc(cc(c1)C(=O)[O-])C(=O)[O-].[Sm],2,0.10868738000000011,0.3828189743000001
[O-]C(=O)c1ccc(cc1)c1cc(cc(c1)C(=O)[O-])C(=O)[O-].[Tb].[Tb][Tb],2,0.09679755600000028,0.08135178939999932
[O-]C(=O)c1ccc(cc1)c1cc(cc(c1)C(=O)[O-])C(=O)[O-].[Zn],2,2.3213797489999997,0.4785512446999993
[O-]C(=O)c1ccc(cc1)c1cc(cc(c1)C(=O)[O-])C(=O)[O-].[Zn][O]([Zn])([Zn])[Zn],3,4.674230845,4.418817971199999
[O-]C(=O)c1ccc(cc1)c1cc(cc(c1)c1ccc(cc1)C(=O)[O-])c1ccc(cc1)C(=O)[O-].[Pr],2,0.02607812900000006,0.008791517999998888
[O-]C(=O)c1ccc(cc1)c1cc(cc(c1)c1ccc(cc1)C(=O)[O-])c1ccc(cc1)C(=O)[O-].[Zn][Zn].n1ccc(cc1)c1ccncc1,2,0.0043033440000000145,0.07200417439999995
[O-]C(=O)c1ccc(cc1)c1cc2OCCOCCOc3cc(c4ccc(cc4)C(=O)[O-])c(cc3OCCOCCOc2cc1c1ccc(cc1)C(=O)[O-])c1ccc(cc1)C(=O)[O-].[Zn][O]([Zn][O]([Zn])[Zn])[Zn],2,0.05095004699999972,0.24774216760000023
[O-]C(=O)c1ccc(cc1)c1ccc(cc1)C(=O)[O-].[Zn].n1ccc(cc1)c1ccncc1,2,0.14146368600000003,0.6702888698000002
[O-]C(=O)c1ccc(cc1)c1ccc(cc1)C(=O)[O-].[Zn][O]([Zn])([Zn])[Zn],4,0.46042344300000015,1.9021800916
[O-]C(=O)c1ccc(cc1)c1ccc(cc1)N(c1ccc(cc1)c1ccc(cc1)C(=O)[O-])c1ccc(cc1)c1ccc(cc1)C(=O)[O-].[Zn].n1ccc(cc1)C=Cc1ccncc1,2,0.029744941999999996,0.11332834460000107
[O-]C(=O)c1ccc(cc1)c1ccc(cc1)N(c1ccc(cc1)c1ccc(cc1)C(=O)[O-])c1ccc(cc1)c1ccc(cc1)C(=O)[O-].[Zn][OH][Zn],2,0.024019331000000088,0.026867670799999743
[O-]C(=O)c1ccc(cc1)c1ccc(cc1)c1cc(cc(c1)C(=O)[O-])C(=O)[O-].[Zn],2,1.634078207,0.1721757384000009
[O-]C(=O)c1ccc(cc1)c1cncc(c1)c1ccc(cc1)C(=O)[O-].[Zn],2,0.07568668199999973,0.007565401999999999
[O-]C(=O)c1ccc(cc1)n1cnc2c1cc1ccccc1c2.[OH].[Zn],7,0.221835576,0.6720293148000005
[O-]C(=O)c1ccc(cc1)n1cnnc1.[Zn],2,0.739488012,0.8976427511999994
[O-]C(=O)c1ccc(cn1)C(=O)[O-].[Zn],5,0.9279643649999998,1.0116804724999993
[O-]C(=O)c1ccc(nc1)c1ccc(cn1)C(=O)[O-].[Sm],2,0.05630380199999996,0.10304669469999972
[O-]C(=O)c1ccc(o1)C(=O)[O-].[Y][Y],2,0.004700984999999991,0.003862825000000014
[O-]C(=O)c1ccc(s1)C(=O)[O-].[Sm].[Sm][OH2][Sm],2,0.5035060439999999,0.24577675859999992
[O-]C(=O)c1ccc(s1)C(=O)[O-].[Sr],4,0.854058905,0.5983172917999999
[O-]C(=O)c1ccc(s1)C(=O)[O-].[Tb],3,4.074952122,0.4661540951000003
[O-]C(=O)c1ccc(s1)C(=O)[O-].[U],2,0.009550268,0.1772725892000011
[O-]C(=O)c1ccc(s1)C(=O)[O-].[Yb].[Yb][Yb],2,0.40886435300000024,0.7184004480000001
[O-]C(=O)c1ccc(s1)C(=O)[O-].[Zn],2,0.7110992629999999,9.5653750326
[O-]C(=O)c1ccc2-c3c(C(c2c1)(C)C)cc(cc3)C(=O)[O-].[Sm].[Sm][Sm],2,1.7138919339999998,2.7628735379
[O-]C(=O)c1ccc2c(c1)c1ccc(cc1c1c2cc(cc1)C(=O)[O-])C(=O)[O-].[Tb],2,0.9261094240000003,0.6386303296999998
[O-]C(=O)c1ccc2c(c1)ccc(c2)C(=O)[O-].[O]12[Hf]34[O]5[Hf]62[O]2[Hf]71[O]4[Hf]14[O]3[Hf]35[O]6[Hf]2([O]71)[O]43,2,0.0041390969999999805,0.02763181549999949
[O-]C(=O)c1ccc2c(c1)ccc(c2)C(=O)[O-].[Tb],2,0.8591468549999999,7.9659908648
[O-]C(=O)c1ccc2c(c1)ccc(c2)C(=O)[O-].[Yb],3,1.7088662970000001,1.9618207039
[O-]C(=O)c1ccc2c(c1)ccc(c2)C(=O)[O-].[Zn],3,3.5626289499999997,6.051786573599999
[O-]C(=O)c1ccc2c(c1)ccc(c2)C(=O)[O-].[Zn][O]([Zn])([Zn])[Zn],5,0.4118660329999999,0.23920181030000087
[O-]C(=O)c1ccc2c3c1c(ccc3C(=O)N(C2=O)c1ccncc1)C(=O)[O-].[Zn][Zn],5,0.360074618,1.1965918862000002
[O-]C(=O)c1cccc(c1)C(=O)[O-].[Zn],2,0.9832896509999999,3.0642608012000006
[O-]C(=O)c1cccc(c1)c1cc(cc(c1)C(=O)[O-])C(=O)[O-].[Zn][OH][Zn],2,0.016725618999999803,0.0050749602999999865
[O-]C(=O)c1cccc(n1)C(=O)[O-].[Pr],4,1.424932418,5.255113483699999
[O-]C(=O)c1cccc(n1)C(=O)[O-].[Sm],4,1.0938150000000002,4.9420542475
[O-]C(=O)c1cccc(n1)C(=O)[O-].[Tb],2,0.15585122400000007,0.12173644080000035
[O-]C(=O)c1ccnc(c1)c1nccc(c1)C(=O)[O-].[Tb],2,0.865554264,1.7579887638000002
[O-]C(=O)c1ccnc(c1)c1nccc(c1)C(=O)[O-].[Tb].[Zn],2,0.01500803800000039,1.0857456920999988
[O-]C(=O)c1ccncc1.[Zn],2,0.04535782999999999,0.2004335892000002
[O-]C(=O)c1cncc(c1)C(=O)[O-].[Sm],2,0.505791093,1.1699607000000003
[O-]C(=O)c1cnccc1C(=O)[O-].[Zn],2,3.854775058,3.657965869099999
[O-]C(=O)c1sc2c(c1C)c(c(s2)C(=O)[O-])C.[Zn][O]([Zn])([Zn])[Zn],2,2.826974018,8.5678379938
[O-]C=O.[Sm],2,4.4263606939999995,0.19524152039999976
[O-]C=O.[Tb],2,2.371020597,0.3867831862000002
[O-]C=O.[Y],3,0.37556624499999997,0.4346958302999999
[O-]C=O.[Zn],11,0.341064966,2.5901637045
[OH].[O]C1(OO1)c1ccc(cc1)n1cnc2c1cc1ccccc1c2.[Zn],7,0.021657744999999992,0.2171428433000001
[OH].[Zn],19,0.9346444060000001,0.14439027500000012
[O]N(c1cc(cc(c1)C(=O)[O-])C(=O)[O-])[N]c1cc(cc(c1)C(=O)[O-])C(=O)[O-].[Zn],2,1.430113772,3.4099812922999995
[O]P(=O)(C(P(=O)([O])[O])(CC1=CN[CH]C=C1)O)[O].[O]P(=O)(C(P(=O)([O])[O])(Cc1cccnc1)O)[O].[Zn],2,0.24961622400000005,0.31050962120000003
[O]P(=O)(CCCCP(=O)(O)[O])O.[O]P(=O)(CCCCP(=O)([O])[O])[O].[Zn],2,0.2787308740000001,0.05567809520000022
[O]P(=O)(CCCP(=O)([O])[O])[O].[V]O[V],2,0.730518934,0.24282586090000002
[O]P(=O)(CCCP(=O)([O])[O])[O].[V][OH][V],3,0.4853612570000001,0.2955635365
[O]P(=O)(CP(=O)([O])[O])[O].[U],3,0.09030476700000001,1.4958468406999996
[O]P(=O)(c1ccc(cc1)P(=O)([O])[O])[O].[U],2,0.07775974200000002,0.09663809069999996
[O]S(c1ccc(cc1)C1=C2C=CC(=C(c3ccc(cc3)S([O])([O])[O])C3=NC(=C(C4=CC=C(C(=C5N=C1C=C5)c1ccc(cc1)S([O])([O])[O])[N]4)c1ccc(cc1)S([O])([O])[O])C=C3)[N]2)([O])[O].[Sm],2,0.006535822999999885,0.0013357321999998284
[O]c1cc(cc(c1)C(=O)[O-])C(=O)[O-].[Zn],2,0.597346874,0.7656165236999994
[Zn].c1ccc(cc1)[N][N]c1nccn1Cn1ccnc1[N][N]c1ccccc1,2,0.02397650100000004,1.0998000783000004
[Zn].c1ccc2c(c1)N=C[N]2,5,0.6121436959999997,3.557759206
[Zn].c1ncn(c1)Cc1ccc(cc1)Cn1cncc1,2,7.006957938,7.9147612138
[Zn].c1ncn(c1)c1cc(cc(c1)n1cncc1)n1cncc1,3,5.294791504000001,5.359070754099999
[Zn].c1ncn(c1)c1ccc(cc1)n1cncc1,2,0.005261171000000009,0.028181985199999815
[Zn].n1ccc(cc1)c1ccncc1,4,7.708275111999999,11.5450957883
[Zn].n1ncn(c1)[N][N]n1cnnc1,2,0.024269724000000048,0.09402370619999978
